create_unix::1374741125,create_date::2013-07-25,create_time::08:32,main_language::N.A.
fielddescription
fields::tl_calendar_events,name::title,length::255,type::varchar,name::teaser,length::-1,type::text,name::details,length::-1,type::mediumtext,name::alt,length::255,type::varchar,name::caption,length::255,type::varchar
table::tl_calendar_events
id,title,title::translation,teaser,teaser::translation,details,details::translation,alt,alt::translation,caption,caption::translation
attribute::id::4,,,,,"<p>The Grammy-winning violinist Hilary Hahn is going to perform live at Music Academy.</p>","<p>The Grammy-winning violinist Hilary Hahn is going to perform live at Music Academy.</p>","The Grammy-winning violinist Hilary Hahn is going to perform live at Music Academy.","The Grammy-winning violinist Hilary Hahn is going to perform live at Music Academy.","Hilary Hahn in concert","Hilary Hahn in concert"
attribute::id::2,,,,,"<p>Final exams for all graduate students.</p>","<p>Final exams for all graduate students.</p>","Final exams for all graduate students.","Final exams for all graduate students.","Final exams","Final exams"
attribute::id::3,,,,,"The campus will be closed during the winter holiday break.<br />","The campus will be closed during the winter holiday break.<br />","The campus will be closed during the winter holiday break. ","The campus will be closed during the winter holiday break. ","Winter holiday","Winter holiday"
attribute::id::5,,,,,"<p>The famous jazz pianist Benny Green is going to perform live at Music Academy.</p>","<p>The famous jazz pianist Benny Green is going to perform live at Music Academy.</p>","The famous jazz pianist Benny Green is going to perform live at Music Academy.","The famous jazz pianist Benny Green is going to perform live at Music Academy.","Benny Green in concert","Benny Green in concert"
arraysection
