create_unix::1374741125,create_date::2013-07-25,create_time::08:32,main_language::N.A.
fielddescription
fields::tl_form,name::subject,length::255,type::varchar
fields::tl_form_field,name::label,length::255,type::varchar,name::text,length::-1,type::text,name::html,length::-1,type::text,name::options,length::-1,type::blob,name::value,length::255,type::varchar
table::tl_form
id,subject,subject::translation
attribute::id::2,"Term paper submission","Term paper submission"
table::tl_form_field
id,label,label::translation,text,text::translation,html,html::translation,options,options::translation,value,value::translation
attribute::id::2,,,"Your name","Your name",,,,,,
attribute::id::3,,,"Your email","Your email",,,@,@,,
attribute::id::4,,,Message,Message,,,,,,
attribute::id::5,,,"Your file","Your file",,,,,,
attribute::id::7,,,,,"<h1>Term paper submission</h1>","<h1>Term paper submission</h1>",,,,
attribute::id::8,,,,,"Please enter your first name and last name and provide a working e-mail address.","Please enter your first name and last name and provide a working e-mail address.",,,,
attribute::id::9,,,,,"<p style=""margin-top: 36px"">Please browse your local PC and choose your term paper file to be uploaded. <strong>Please note that we accept PDF format &#40;Acrobat Reader&#41; only</strong>! The file size must not exceed 1 MB.</p>","<p style=""margin-top: 36px"">Please browse your local PC and choose your term paper file to be uploaded. <strong>Please note that we accept PDF format &#40;Acrobat Reader&#41; only</strong>! The file size must not exceed 1 MB.</p>",,,,
attribute::id::11,,,,,,,,,arraylink::1,arraylink::1
arraysection
array::1::key::0,arraylink::2
array::2::key::value,1,1
array::2::key::label,"Send me a copy of this e-mail","Send me a copy of this e-mail"
