create_unix::1374741125,create_date::2013-07-25,create_time::08:32,main_language::N.A.
fielddescription
fields::tl_news,name::headline,length::255,type::varchar,name::subheadline,length::255,type::varchar,name::teaser,length::-1,type::text,name::text,length::-1,type::mediumtext,name::alt,length::255,type::varchar,name::caption,length::255,type::varchar
table::tl_news
id,headline,headline::translation,subheadline,subheadline::translation,teaser,teaser::translation,text,text::translation,alt,alt::translation,caption,caption::translation
attribute::id::1,"James Wilson","James Wilson",,,"Associate Professor James Wilson returns","Associate Professor James Wilson returns","Veteran Jazz pianist James Wilson has enjoyed international renown since graduating from Music Academy in 1968.","Veteran Jazz pianist James Wilson has enjoyed international renown since graduating from Music Academy in 1968.","Jazz pianist James Wilson returns to Music Academy to give lessons in traditional and contemporary Jazz Piano.","Jazz pianist James Wilson returns to Music Academy to give lessons in traditional and contemporary Jazz Piano.","James Wilson and the stage have been lifelong partners. The jazz pianist and youngest son of a preacher began playing in his father's church as a preschooler, took his first solo at the age of six, and has been a lead performer ever since.","James Wilson and the stage have been lifelong partners. The jazz pianist and youngest son of a preacher began playing in his father's church as a preschooler, took his first solo at the age of six, and has been a lead performer ever since."
attribute::id::2,,,,,"Scholarship Program","Scholarship Program","Music Academy debuts a new Scholarship Program.","Music Academy debuts a new Scholarship Program.","Music Academy debuts a new Scholarship Program that will cover all tuition and housing fees.","Music Academy debuts a new Scholarship Program that will cover all tuition and housing fees.","In a major new initiative to attract the best young musicians, regardless of their ability to pay, Music Academy has announced a Scholarship Program that will cover all tuition and housing fees. Scholars will attend Music Academy for four years, with all fees provided at no charge.","In a major new initiative to attract the best young musicians, regardless of their ability to pay, Music Academy has announced a Scholarship Program that will cover all tuition and housing fees. Scholars will attend Music Academy for four years, with all fees provided at no charge."
attribute::id::3,,,,,"Open days","Open days","Welcome everybody to Music Academy","Welcome everybody to Music Academy","Every Friday in February 2010 the gates of the Music Academy's campus will be thrown wide open to welcome everyone for a day filled with fun and interest.","Every Friday in February 2010 the gates of the Music Academy's campus will be thrown wide open to welcome everyone for a day filled with fun and interest.","<p>Every Friday in February 2010 the gates of the Music Academy's campus will be thrown wide open to welcome everyone for a day filled with fun and interest. The programme includes: <br /> <br /> <strong> Showcase events</strong>: demonstrations and activities organised by each of the academic units<br /> <strong>Courses Information</strong>: advice about studying and details of MA courses<br /> <strong>Lectures</strong>: a series of illustrated talks on interesting and topical issues<br /> <strong>Entertainment</strong>: campus tour, music, activities and buffet</p>","<p>Every Friday in February 2010 the gates of the Music Academy's campus will be thrown wide open to welcome everyone for a day filled with fun and interest. The programme includes: <br /> <br /> <strong> Showcase events</strong>: demonstrations and activities organised by each of the academic units<br /> <strong>Courses Information</strong>: advice about studying and details of MA courses<br /> <strong>Lectures</strong>: a series of illustrated talks on interesting and topical issues<br /> <strong>Entertainment</strong>: campus tour, music, activities and buffet</p>"
attribute::id::4,,,,,"Hilary Hahn performs at Music Academy","Hilary Hahn performs at Music Academy","The Grammy-winning violinist Hilary Hahn is going to perform live at Music Academy on the 12th of February 2010.","The Grammy-winning violinist Hilary Hahn is going to perform live at Music Academy on the 12th of February 2010.","The Grammy-winning violinist Hilary Hahn is going to perform live at Music Academy.","The Grammy-winning violinist Hilary Hahn is going to perform live at Music Academy.","<p>At the age of 27, Grammy Award-winning violinist Hilary Hahn is one of the most compelling artists on the international concert circuit. Renowned for her intellectual and emotional maturity, she was named ""America's Best"" young classical musician by Time Magazine in 2001, and appears on a regular basis with the world's great orchestras in Europe, Asia, and North America.<br /> <br /> Watch Hilary Hahn perform live at Music Academy on the 12th of February 2010!</p>","<p>At the age of 27, Grammy Award-winning violinist Hilary Hahn is one of the most compelling artists on the international concert circuit. Renowned for her intellectual and emotional maturity, she was named ""America's Best"" young classical musician by Time Magazine in 2001, and appears on a regular basis with the world's great orchestras in Europe, Asia, and North America.<br /> <br /> Watch Hilary Hahn perform live at Music Academy on the 12th of February 2010!</p>"
attribute::id::5,,,,,"Benny Green performs at Music Academy","Benny Green performs at Music Academy","The famous jazz pianist Benny Green is going to perform live at Music Academy on the 19th of February 2010.","The famous jazz pianist Benny Green is going to perform live at Music Academy on the 19th of February 2010.","The famous jazz pianist Benny Green is going to perform live at Music Academy.","The famous jazz pianist Benny Green is going to perform live at Music Academy.","<p>Benny Green is a hard bop jazz pianist who ""graduated"" from Art Blakey's Jazz Messengers. As a boy he grew up in Berkeley, California and studied classical piano from the age of seven. He also had an interest in jazz from an early point as his father was a jazz tenor saxophone player. Benny Green was ""discovered"" by Fay Carroll and later while still in his teens worked in a quintet led by Eddie Henderson.<br /> <br /> Watch Benny Green perform live at Music Academy on the 19th of February 2010!</p>","<p>Benny Green is a hard bop jazz pianist who ""graduated"" from Art Blakey's Jazz Messengers. As a boy he grew up in Berkeley, California and studied classical piano from the age of seven. He also had an interest in jazz from an early point as his father was a jazz tenor saxophone player. Benny Green was ""discovered"" by Fay Carroll and later while still in his teens worked in a quintet led by Eddie Henderson.<br /> <br /> Watch Benny Green perform live at Music Academy on the 19th of February 2010!</p>"
arraysection
