create_unix::1374741125,create_date::2013-07-25,create_time::08:32,main_language::en
fielddescription
fields::tl_page,name::title,length::255,type::varchar,name::pageTitle,length::255,type::varchar,name::description,length::-1,type::text
fields::tl_content,name::headline,length::255,type::varchar,name::text,length::-1,type::mediumtext,name::alt,length::255,type::varchar,name::title,length::255,type::varchar,name::html,length::-1,type::mediumtext,name::listitems,length::-1,type::blob,name::tableitems,length::-1,type::mediumblob,name::summary,length::255,type::varchar,name::linkTitle,length::255,type::varchar
table::tl_page
id,title,title::translation,pageTitle,pageTitle::translation,description,description::translation
attribute::id::1,,,,,"Music Academy","Music Academy"
attribute::id::19,,,,,"Page not found","Page not found"
attribute::id::16,"You are not allowed to access the current page","You are not allowed to access the current page",,,"Access denied","Access denied"
attribute::id::2,"Welcome to Music Academy","Welcome to Music Academy","Welcome to Music Academy","Welcome to Music Academy",Home,Home
attribute::id::3,,,"About the academy","About the academy","The academy","The academy"
attribute::id::8,,,"News and updates","News and updates",News,News
attribute::id::21,,,"Events and schedules","Events and schedules",Calendar,Calendar
attribute::id::23,,,"Events and schedules","Events and schedules",Events,Events
attribute::id::9,,,"Campus impressions","Campus impressions",Impressions,Impressions
attribute::id::24,,,"Our teachers","Our teachers",Teachers,Teachers
attribute::id::4,,,"Courses overview","Courses overview",Courses,Courses
attribute::id::6,,,,,"Violin Master Class","Violin Master Class"
attribute::id::7,,,,,"Elements of Jazz Piano","Elements of Jazz Piano"
attribute::id::5,,,"Services and support","Services and support",Services,Services
attribute::id::14,,,"Search this website","Search this website",Search,Search
attribute::id::26,,,"New navigation features","New navigation features",Navigation,Navigation
attribute::id::18,,,"We have revceived your term paper","We have revceived your term paper",Confirmation,Confirmation
attribute::id::27,,,"Students log-in","Students log-in",Login,Login
attribute::id::20,,,"Request a new password","Request a new password","Lost password","Lost password"
attribute::id::15,,,"Edit your account details","Edit your account details","My account","My account"
attribute::id::12,,,,,"Your data has been saved","Your data has been saved"
attribute::id::11,,,,,Logout,Logout
table::tl_content
id,headline,headline::translation,text,text::translation,alt,alt::translation,title,title::translation,html,html::translation,listitems,listitems::translation,tableitems,tableitems::translation,summary,summary::translation,linkTitle,linkTitle::translation
attribute::id::19,,,arraylink::1,arraylink::1,"You are not allowed to access the requested page!<br /> <br /> Maybe you are not logged in correctly?<br /> <br /> If a user tries to access a protected page without permission, a special <strong>error_403</strong> page will be called. In this case you can either display an error message (like we are doing now) by simply creating an article on this page, or you can redirect the user to another page (e.g. the welcome page).<br /> <br /> Accordingly, if a user tries to access a page that does not exist, a special <strong>error_404</strong> page will be called. Again, you can either display an error message or redirect the user to another page. ","You are not allowed to access the requested page!<br /> <br /> Maybe you are not logged in correctly?<br /> <br /> If a user tries to access a protected page without permission, a special <strong>error_403</strong> page will be called. In this case you can either display an error message (like we are doing now) by simply creating an article on this page, or you can redirect the user to another page (e.g. the welcome page).<br /> <br /> Accordingly, if a user tries to access a page that does not exist, a special <strong>error_404</strong> page will be called. Again, you can either display an error message or redirect the user to another page. ",,
attribute::id::1,,,arraylink::2,arraylink::2,"A content management system is usually divided into two areas: the back end (administration area) and the front end (website). If you are reading this, you are currently viewing the front end. To log in to the back end, simply add <em>/contao</em> to your URL ({{env::path}}contao). <br /> <br /> When I was creating the example website to give people an idea of what can be done with a content management system, I tried to find a ""real world"" scenario that involved more than one person. There are a lot of different scenarios that can be done with Contao: from a simple website managed by a single administrator to a community website with a lot of members (front end users) or a company website (intranet or internet) with a lot of back end users. Finally, I came up with a college website that has different back end users and front end users.<br /> <br /> The Music Academy example includes three back end users (employees) and two front end users (students). Each user has a different role. You can log in to their accounts and see how Contao looks from their perspective. Please note that academy employees (back end user) can only log in to the back end and students (front end user) can only log in to the front end. You are currently viewing the front end. ","A content management system is usually divided into two areas: the back end (administration area) and the front end (website). If you are reading this, you are currently viewing the front end. To log in to the back end, simply add <em>/contao</em> to your URL ({{env::path}}contao). <br /> <br /> When I was creating the example website to give people an idea of what can be done with a content management system, I tried to find a ""real world"" scenario that involved more than one person. There are a lot of different scenarios that can be done with Contao: from a simple website managed by a single administrator to a community website with a lot of members (front end users) or a company website (intranet or internet) with a lot of back end users. Finally, I came up with a college website that has different back end users and front end users.<br /> <br /> The Music Academy example includes three back end users (employees) and two front end users (students). Each user has a different role. You can log in to their accounts and see how Contao looks from their perspective. Please note that academy employees (back end user) can only log in to the back end and students (front end user) can only log in to the front end. You are currently viewing the front end. ",,
attribute::id::47,"User accounts","User accounts"
attribute::id::41,,,"<strong>Username</strong>: h.lewis<br /> <strong>Password</strong>: helenlewis<br /> <strong>Role</strong>: back end user ","<strong>Username</strong>: h.lewis<br /> <strong>Password</strong>: helenlewis<br /> <strong>Role</strong>: back end user ",,
attribute::id::42,,,"<strong>Username</strong>: j.wilson<br /> <strong>Password</strong>: jameswilson<br /> <strong>Role</strong>: back end user ","<strong>Username</strong>: j.wilson<br /> <strong>Password</strong>: jameswilson<br /> <strong>Role</strong>: back end user ",,
attribute::id::44,,,"<strong>Username</strong>: j.smith<br /> <strong>Password</strong>: johnsmith<br /> <strong>Role</strong>: front end user ","<strong>Username</strong>: j.smith<br /> <strong>Password</strong>: johnsmith<br /> <strong>Role</strong>: front end user ",,
attribute::id::45,,,"<strong>Username</strong>: d.evans<br /> <strong>Password</strong>: donnaevans<br /> <strong>Role</strong>: front end user ","<strong>Username</strong>: d.evans<br /> <strong>Password</strong>: donnaevans<br /> <strong>Role</strong>: front end user ",,
attribute::id::46,,,"Roles and permissions","Roles and permissions","On the next page (<em>The academy</em>) we will take a closer look at the different roles and we will find out what our users are allowed to do and what they cannot do. You can then take a closer look at how these access restrictions have been implemented in the back end.<br /> <br /> Make sure to visit <a href=""https://contao.org/"" title=""Visit contao.org"" onclick=""window.open(this.href); return false;"">https://contao.org</a> for more information. ","On the next page (<em>The academy</em>) we will take a closer look at the different roles and we will find out what our users are allowed to do and what they cannot do. You can then take a closer look at how these access restrictions have been implemented in the back end.<br /> <br /> Make sure to visit <a href=""https://contao.org/"" title=""Visit contao.org"" onclick=""window.open(this.href); return false;"">https://contao.org</a> for more information. ",,
attribute::id::40,,,"<strong>Username</strong>: k.jones<br /> <strong>Password</strong>: kevinjones<br /> <strong>Role</strong>: back end user and administrator ","<strong>Username</strong>: k.jones<br /> <strong>Password</strong>: kevinjones<br /> <strong>Role</strong>: back end user and administrator ",,
attribute::id::25,"Front end modules","Front end modules",arraylink::3,arraylink::3,"Once you have choosen the basic page layout, you can add front end modules to your layout sections. Front end modules will be shown one below the other, so you can change the order within each column here.<br /> <br /> Below is a screenshot of the modules included in the default layout. ","Once you have choosen the basic page layout, you can add front end modules to your layout sections. Front end modules will be shown one below the other, so you can change the order within each column here.<br /> <br /> Below is a screenshot of the modules included in the default layout. ",,
attribute::id::23,,,arraylink::4,arraylink::4,"Imagine that you and a friend of yours are managing a website. Maybe you are a successful web designer whereas your friend has no idea about CSS but is a committed writer. Therefor, you have decided to share the work. In the future, you will be doing the design and administration of the website and your friend will be writing articles. This is a basic principle of any CMS by the way - separation of content and design.<br /> <br /> Now, as both of you have to have access to the back end, your friend would still be able to edit the look of the website or to create new user accounts, although he is actually not responsible for design or administration. Therefor, you want to disable these functions for his account. At this point, you have created a role (although it exists in your mind only) that you could name ""editor"" or ""author"".<br /> <br /> To learn how user permissions can be restricted, let's take a closer look at the roles of our example users. ","Imagine that you and a friend of yours are managing a website. Maybe you are a successful web designer whereas your friend has no idea about CSS but is a committed writer. Therefor, you have decided to share the work. In the future, you will be doing the design and administration of the website and your friend will be writing articles. This is a basic principle of any CMS by the way - separation of content and design.<br /> <br /> Now, as both of you have to have access to the back end, your friend would still be able to edit the look of the website or to create new user accounts, although he is actually not responsible for design or administration. Therefor, you want to disable these functions for his account. At this point, you have created a role (although it exists in your mind only) that you could name ""editor"" or ""author"".<br /> <br /> To learn how user permissions can be restricted, let's take a closer look at the roles of our example users. ",,
attribute::id::27,Modules,Modules,arraylink::5,arraylink::5,"<span style=""text-decoration: underline"">2. Helen Lewis</span><br /> <br /> She is a teacher and responsible for her course ""Violin Master Class"". Each course has its own page, its own news archive and its own calendar. And all these resources are visible to the students of the respective course only. In addition, there is a general courses page that can be accessed by all students and edited by all teachers.<br /> <br /> Since Mrs. Lewis is not the only editor, it is useful to create a role (user group) called <em>Editors</em>. Open module ""User groups"" and take a look at the Editors group. As you can see, there are only a few modules activated. Each editor (teacher) has access to the navigation module (to modify pages), the articles module (to create content on the pages), the news module (to create news items), the calendar/events module (to create events) and the file manager module (to upload images or documents). ","<span style=""text-decoration: underline"">2. Helen Lewis</span><br /> <br /> She is a teacher and responsible for her course ""Violin Master Class"". Each course has its own page, its own news archive and its own calendar. And all these resources are visible to the students of the respective course only. In addition, there is a general courses page that can be accessed by all students and edited by all teachers.<br /> <br /> Since Mrs. Lewis is not the only editor, it is useful to create a role (user group) called <em>Editors</em>. Open module ""User groups"" and take a look at the Editors group. As you can see, there are only a few modules activated. Each editor (teacher) has access to the navigation module (to modify pages), the articles module (to create content on the pages), the news module (to create news items), the calendar/events module (to create events) and the file manager module (to upload images or documents). ",,
attribute::id::28,Pagemounts,Pagemounts,arraylink::6,arraylink::6,"Contao is a tree-based content management system, meaning that each front end page refers to a page in the hierarchically ordered site structure. Administrators can always see the whole page tree, whereas users, by default, do not have access to it at all. To enable one or more pages for a user, you have to ""mount"" them into his profile. The same applies to the file manager and the folders of the upload directory.<br /> <br /> Since we want Mrs. Lewis to be able to edit the courses page and the page of her own class, I have choosen page <em>Courses</em> as mounting point (subpages are included automatically). If you log in to the back end as Mrs. Lewis, you will only see those three pages in the site structure. ","Contao is a tree-based content management system, meaning that each front end page refers to a page in the hierarchically ordered site structure. Administrators can always see the whole page tree, whereas users, by default, do not have access to it at all. To enable one or more pages for a user, you have to ""mount"" them into his profile. The same applies to the file manager and the folders of the upload directory.<br /> <br /> Since we want Mrs. Lewis to be able to edit the courses page and the page of her own class, I have choosen page <em>Courses</em> as mounting point (subpages are included automatically). If you log in to the back end as Mrs. Lewis, you will only see those three pages in the site structure. ",,
attribute::id::30,Permissions,Permissions,arraylink::7,arraylink::7,"<span style=""text-decoration: underline"">3. James Wilson</span><br /> <br /> He is an assocciate professor for Jazz Piano and therefor also a back end user (editor). Like Mrs. Lewis, he is in charge for the courses page and his own course ""Elements of Jazz Piano"". Since all editors share the same user group, Mr. Wilson can also see Mrs. Lewis' page in the site structure. However, he is not able to edit it.<br /> <br /> Now let's log in to the back end as Kevin Jones (administrator) and open the site structure module. Go to page <em>Elements of Jazz Piano</em> and edit it. There is an option called ""Assign permissions"" which you should not have seen when you were logged in as James Wilson. Here you can set the owner of a page (a user and a group). ","<span style=""text-decoration: underline"">3. James Wilson</span><br /> <br /> He is an assocciate professor for Jazz Piano and therefor also a back end user (editor). Like Mrs. Lewis, he is in charge for the courses page and his own course ""Elements of Jazz Piano"". Since all editors share the same user group, Mr. Wilson can also see Mrs. Lewis' page in the site structure. However, he is not able to edit it.<br /> <br /> Now let's log in to the back end as Kevin Jones (administrator) and open the site structure module. Go to page <em>Elements of Jazz Piano</em> and edit it. There is an option called ""Assign permissions"" which you should not have seen when you were logged in as James Wilson. Here you can set the owner of a page (a user and a group). ",,
attribute::id::31,"Protected pages","Protected pages",arraylink::8,arraylink::8,"<span style=""text-decoration: underline"">4. John Smith</span><br /> <br /> He is a Piano student and he attends Mr. Wilson's class. If you log in to the front end as John Smith, you will recognize three additional pages in the website navigation menu that were not visible before (<em>Elements of Jazz Piano</em>, <em>My account</em> and <em>Logout</em>). These pages are protected and therefor not visible to guests.<br /> <br /> Go to the back end again, open the site structure module and edit page <em>Elements of Jazz Piano</em>. You will find the options ""Protect page"" and ""Allowed member groups"" which let you grant access to one or more member groups. If you do not choose a group at all, the page will be visible to any logged in front end user. ","<span style=""text-decoration: underline"">4. John Smith</span><br /> <br /> He is a Piano student and he attends Mr. Wilson's class. If you log in to the front end as John Smith, you will recognize three additional pages in the website navigation menu that were not visible before (<em>Elements of Jazz Piano</em>, <em>My account</em> and <em>Logout</em>). These pages are protected and therefor not visible to guests.<br /> <br /> Go to the back end again, open the site structure module and edit page <em>Elements of Jazz Piano</em>. You will find the options ""Protect page"" and ""Allowed member groups"" which let you grant access to one or more member groups. If you do not choose a group at all, the page will be visible to any logged in front end user. ",,
attribute::id::61,,,arraylink::9,arraylink::9,"Our example page <em>Elements of Jazz Piano</em> is only visible to members of the group <em>Piano students</em>. You will not be able to access the page when you are logged in as Donna Evans or when you are not logged in at all. ","Our example page <em>Elements of Jazz Piano</em> is only visible to members of the group <em>Piano students</em>. You will not be able to access the page when you are logged in as Donna Evans or when you are not logged in at all. ",,
attribute::id::32,"Page layout","Page layout",arraylink::10,arraylink::10,"<span style=""text-decoration: underline"">5. Donna Evans</span><br /> <br /> She is a Violin student and she attends Mrs. Lewis' class. On the protected page <em>My account</em> you can change Donna Evans' personal data using a front end module called ""Personal data"". Note that there are back end modules as well as front end modules and that both provide different functionality.<br /> <br /> Now, here is the general rule how to set up pages in Contao. Each page has a page layout and each page layout includes one or more front end modules and style sheets. Thus, you should create pages in the following order:<br /> <br /> a. Create all necessary front end modules<br /> b. Create all necessary style sheets<br /> c. Create a page layout and include your front end modules and your style sheets<br /> d. Create the page and include the layout<br /> <br /> Open the page layouts module and take a look at the default layout. You can choose between a one column, a two column or a three column layout and you can add an optional header and footer. The Contao CSS framework will automatically divide your page into the selected ""layout sections"".<br /> ","<span style=""text-decoration: underline"">5. Donna Evans</span><br /> <br /> She is a Violin student and she attends Mrs. Lewis' class. On the protected page <em>My account</em> you can change Donna Evans' personal data using a front end module called ""Personal data"". Note that there are back end modules as well as front end modules and that both provide different functionality.<br /> <br /> Now, here is the general rule how to set up pages in Contao. Each page has a page layout and each page layout includes one or more front end modules and style sheets. Thus, you should create pages in the following order:<br /> <br /> a. Create all necessary front end modules<br /> b. Create all necessary style sheets<br /> c. Create a page layout and include your front end modules and your style sheets<br /> d. Create the page and include the layout<br /> <br /> Open the page layouts module and take a look at the default layout. You can choose between a one column, a two column or a three column layout and you can add an optional header and footer. The Contao CSS framework will automatically divide your page into the selected ""layout sections"".<br /> ",,
attribute::id::24,Administrator,Administrator,arraylink::11,arraylink::11,"<span style=""text-decoration: underline"">1. Kevin Jones</span><br /> <br /> He is the administrator of the website and he can access all modules and functions. To create an administrator account, simply create a new user and check <em>Administrator</em>. ","<span style=""text-decoration: underline"">1. Kevin Jones</span><br /> <br /> He is the administrator of the website and he can access all modules and functions. To create an administrator account, simply create a new user and check <em>Administrator</em>. ",,
attribute::id::59,"News and calendars","News and calendars",arraylink::12,arraylink::12,"In addition, Mrs. Lewis is allowed to access the general news archive and calendar as well as the news archive and calendar of her course ""Violin Master Class"". This access control feature is actually new in Contao version 2.5! ","In addition, Mrs. Lewis is allowed to access the general news archive and calendar as well as the news archive and calendar of her course ""Violin Master Class"". This access control feature is actually new in Contao version 2.5! ",,
attribute::id::60,,,arraylink::13,arraylink::13,"There are three ways to relate to a page: as the user who owns the page, as the group who owns the page or as someone else. Each role has its own set of permissions (similar to the UNIX chmod utility).<br /> <br /> Of course, page <em>Elements of Jazz Piano</em> belongs to Mr. Wilson and he is the only user who is allowed to do something with it (remember that administrators have access to all pages and modules at any time). ","There are three ways to relate to a page: as the user who owns the page, as the group who owns the page or as someone else. Each role has its own set of permissions (similar to the UNIX chmod utility).<br /> <br /> Of course, page <em>Elements of Jazz Piano</em> belongs to Mr. Wilson and he is the only user who is allowed to do something with it (remember that administrators have access to all pages and modules at any time). ",,
attribute::id::33,,,arraylink::14,arraylink::14,"<p>If you are viewing the front end without being logged in to the back end, you will see that ""James Wilson returns"" is the most recent news item. However, if you log in to the front end as Donna Evans or John Smith, another news item will appear that has not been visible before. Try their accounts and find out who is going to perform live at Music Academy in February 2010 :-)<br /> <br /> Since version 2.5, Contao allows to protect news archives and show their items to a particular front end user group only. Take a look at the back end to find out how protected new archives are set up.</p>","<p>If you are viewing the front end without being logged in to the back end, you will see that ""James Wilson returns"" is the most recent news item. However, if you log in to the front end as Donna Evans or John Smith, another news item will appear that has not been visible before. Try their accounts and find out who is going to perform live at Music Academy in February 2010 :-)<br /> <br /> Since version 2.5, Contao allows to protect news archives and show their items to a particular front end user group only. Take a look at the back end to find out how protected new archives are set up.</p>",,
attribute::id::52,,,arraylink::15,arraylink::15,"<p>Here is a quick example of how to use the calendar module. You can either use a calendar to display events or an event list together with the mini-calendar. The following example uses a calendar to show events.<br> <br> <a title=""January 2010"" href=""{{link_url::21}}?day=20100101"">Click here to go to January 2010 (contains example data)</a></p>","<p>Here is a quick example of how to use the calendar module. You can either use a calendar to display events or an event list together with the mini-calendar. The following example uses a calendar to show events.<br> <br> <a title=""January 2010"" href=""{{link_url::21}}?day=20100101"">Click here to go to January 2010 (contains example data)</a></p>",,
attribute::id::55,,,arraylink::16,arraylink::16,"<p>Here is an example of how to use the event list together with the mini-calendar. You can either list all events of a day, a week or a year or you can list upcoming events only. Again, log in as Donna Evans or John Smith to see protected events (protected events have been added to Contao version 2.5).<br /> <br /> <a title=""List all events"" href=""{{link_url::23}}?month=201001"">Click here to open the event list example</a></p>","<p>Here is an example of how to use the event list together with the mini-calendar. You can either list all events of a day, a week or a year or you can list upcoming events only. Again, log in as Donna Evans or John Smith to see protected events (protected events have been added to Contao version 2.5).<br /> <br /> <a title=""List all events"" href=""{{link_url::23}}?month=201001"">Click here to open the event list example</a></p>",,
attribute::id::6,,,arraylink::17,arraylink::17,"Here are a few impressions of the campus. This example uses a MooTools based image gallery called ""mediabox"" to show images in full size. Since version 2.5, you can split the gallery into multiple pages so it takes less time to load.","Here are a few impressions of the campus. This example uses a MooTools based image gallery called ""mediabox"" to show images in full size. Since version 2.5, you can split the gallery into multiple pages so it takes less time to load.",,
attribute::id::7,arraylink::18,arraylink::18
attribute::id::8,,,arraylink::19,arraylink::19,"Contao automatically generates image thumbnails using the gdlib extension. You can either resize an image by entering width or height, or you can crop an image by entering both values. ","Contao automatically generates image thumbnails using the gdlib extension. You can either resize an image by entering width or height, or you can crop an image by entering both values. ",,
attribute::id::56,,,arraylink::20,arraylink::20,"Here is another new feature in version 2.5 - article teasers. You can add a teaser text to each article and make Contao display it automatically if there are multiple articles on a page. Or you can use the new content element ""Article teaser"" to display the teaser text of a particular article followed by a ""read more..."" link. ","Here is another new feature in version 2.5 - article teasers. You can add a teaser text to each article and make Contao display it automatically if there are multiple articles on a page. Or you can use the new content element ""Article teaser"" to display the teaser text of a particular article followed by a ""read more..."" link. ",,
attribute::id::66,,,arraylink::21,arraylink::21,"This is the full article about Helen Lewis. You could add her curriculum vitae or write something about her teaching skills. Since this is only an example, I rather point out something else: you might have noticed that the article has its own URL built from the page alias and the article alias (new in version 2.5). You can use this unique URL as a ""permanent link"" to directly link to a particular article.<br /> ","This is the full article about Helen Lewis. You could add her curriculum vitae or write something about her teaching skills. Since this is only an example, I rather point out something else: you might have noticed that the article has its own URL built from the page alias and the article alias (new in version 2.5). You can use this unique URL as a ""permanent link"" to directly link to a particular article.<br /> ",,
attribute::id::67,"James Wilson","James Wilson",arraylink::22,arraylink::22,"This is the full article about James Wilson. James Wilson and the stage have been lifelong partners. The jazz pianist and  youngest son of a preacher began playing in his father's church as a  preschooler, took his first solo at the age of six, and has been a lead  performer ever since.  ","This is the full article about James Wilson. James Wilson and the stage have been lifelong partners. The jazz pianist and  youngest son of a preacher began playing in his father's church as a  preschooler, took his first solo at the age of six, and has been a lead  performer ever since.  ",,
attribute::id::12,,,arraylink::23,arraylink::23,"Here is a quick overview of some courses. ","Here is a quick overview of some courses. ",,
attribute::id::13,arraylink::24,arraylink::24,Courses,Courses,arraylink::25,arraylink::25
attribute::id::14,,,arraylink::26,arraylink::26,"By default, the table is sorted by date (<em>Begin</em>). By clicking one of the column headers, you can resort it (JavaScript required). Of course, the table has been styled with CSS. Do not forget to provide a small summary of the table's content in order to make it accessible.<br /> <br /> If you log in to the front end as Donna Evans or John Smith, you should see the protected page of the class you are attending as a subpage of this page.<br /> ","By default, the table is sorted by date (<em>Begin</em>). By clicking one of the column headers, you can resort it (JavaScript required). Of course, the table has been styled with CSS. Do not forget to provide a small summary of the table's content in order to make it accessible.<br /> <br /> If you log in to the front end as Donna Evans or John Smith, you should see the protected page of the class you are attending as a subpage of this page.<br /> ",,
attribute::id::22,,,arraylink::27,arraylink::27,"Once a user has logged in to the back end, he will be able to view all front end pages and articles even if they are protected or not yet published. Therefor, if you are reading this you should either be logged in to the back end or you should be logged in to the front end as Donna Evans.<br /> <br /> If you are not logged in at all (not even in another browser window) and you are still able to access this page, please go to <a href=""https://contao.org"" onclick=""window.open(this.href); return false;"">https://contao.org</a> and let me know ;-) ","Once a user has logged in to the back end, he will be able to view all front end pages and articles even if they are protected or not yet published. Therefor, if you are reading this you should either be logged in to the back end or you should be logged in to the front end as Donna Evans.<br /> <br /> If you are not logged in at all (not even in another browser window) and you are still able to access this page, please go to <a href=""https://contao.org"" onclick=""window.open(this.href); return false;"">https://contao.org</a> and let me know ;-) ",,
attribute::id::5,,,arraylink::28,arraylink::28,"Once a user has logged in to the back end, he will be able to view all front end pages and articles even if they are protected or not yet published. Therefor, if you are reading this you should either be logged in to the back end or you should be logged in to the front end as John Smith.<br /> <br /> If you are not logged in at all (not even in another browser window) and you are still able to access this page, please go to <a href=""https://contao.org"" onclick=""window.open(this.href); return false;"">https://contao.org</a> and let me know ;-) ","Once a user has logged in to the back end, he will be able to view all front end pages and articles even if they are protected or not yet published. Therefor, if you are reading this you should either be logged in to the back end or you should be logged in to the front end as John Smith.<br /> <br /> If you are not logged in at all (not even in another browser window) and you are still able to access this page, please go to <a href=""https://contao.org"" onclick=""window.open(this.href); return false;"">https://contao.org</a> and let me know ;-) ",,
attribute::id::9,arraylink::29,arraylink::29
attribute::id::20,,,arraylink::30,arraylink::30,"Welcome to the Music Academy service desk! Here you can hand in your term paper by filling in the form below. The form has been created with the Contao form generator which you can find in the back end. The form generator automatially validates the user input and checks that all mandatory fields are filled in. ","Welcome to the Music Academy service desk! Here you can hand in your term paper by filling in the form below. The form has been created with the Contao form generator which you can find in the back end. The form generator automatially validates the user input and checks that all mandatory fields are filled in. ",,
attribute::id::2,,,arraylink::31,arraylink::31,"<u>1. Keyword search</u><br /> <br /> This might be the default way to use a search engine. Simply enter one or more keywords and the search engine will return all pages that contain either all keywords (AND query) or at least one keyword (OR query). You can predefine the query type in the module configuration or you can change it dynamically by adding a checkbox named ""query_type"" to the search form.<br /> <br /> <u>2. Wildcard search</u><br /> <br /> By default, the search engine searches for exact keywords only. This means that a search for <em>music</em> will not return pages containing the words <em>musical</em> or <em>musician</em>. However, if you want to search for all words that begin with music, you can add an asterisk (*) after the keyword (<em>music*</em> instead of <em>music</em>). Of course, you can also put the wildcard in front of a keyword or in the middle of a keyword.<br /> <br /> <u>3. Phrase search</u><br /> <br /> Sometimes you only need results that include an exact phrase. E.g. searching for <em>music academy</em> would also return the page of a sports academy announcing an event with music and buffet. To narrow your results, simply put quotation marks around your search term (<em>""music academy""</em> instead of <em>music academy</em>) and the search engine will only return pages that contain the exact phrase.<br /> <br /> <u>4. Forcing a keyword</u><br /> <br /> This feature is particularly useful when you are searching for multiple keyword (OR query) but still want ensure that a page contains a certain keyword. To force a keyword, put a plus (+) in front of it (without space). E.g. if you want to know about college fees or university fees, you are basically looking for pages that contain either the word <em>college</em> or <em>university</em> and the word <em>fees</em>. Therefor your search term should be <em>school college +fees</em>.<br /> <br /> <u>5. Excluding a keyword</u><br /> <br /> To exclude a keyword, put a minus (-) in front of it. Thus, pages containing this keyword will not be returned. E.g. if you want to learn everything about Music Academy that has nothing to do with its campus or its courses, you should search for <em>""music academy"" -campus -courses</em>. ","<u>1. Keyword search</u><br /> <br /> This might be the default way to use a search engine. Simply enter one or more keywords and the search engine will return all pages that contain either all keywords (AND query) or at least one keyword (OR query). You can predefine the query type in the module configuration or you can change it dynamically by adding a checkbox named ""query_type"" to the search form.<br /> <br /> <u>2. Wildcard search</u><br /> <br /> By default, the search engine searches for exact keywords only. This means that a search for <em>music</em> will not return pages containing the words <em>musical</em> or <em>musician</em>. However, if you want to search for all words that begin with music, you can add an asterisk (*) after the keyword (<em>music*</em> instead of <em>music</em>). Of course, you can also put the wildcard in front of a keyword or in the middle of a keyword.<br /> <br /> <u>3. Phrase search</u><br /> <br /> Sometimes you only need results that include an exact phrase. E.g. searching for <em>music academy</em> would also return the page of a sports academy announcing an event with music and buffet. To narrow your results, simply put quotation marks around your search term (<em>""music academy""</em> instead of <em>music academy</em>) and the search engine will only return pages that contain the exact phrase.<br /> <br /> <u>4. Forcing a keyword</u><br /> <br /> This feature is particularly useful when you are searching for multiple keyword (OR query) but still want ensure that a page contains a certain keyword. To force a keyword, put a plus (+) in front of it (without space). E.g. if you want to know about college fees or university fees, you are basically looking for pages that contain either the word <em>college</em> or <em>university</em> and the word <em>fees</em>. Therefor your search term should be <em>school college +fees</em>.<br /> <br /> <u>5. Excluding a keyword</u><br /> <br /> To exclude a keyword, put a minus (-) in front of it. Thus, pages containing this keyword will not be returned. E.g. if you want to learn everything about Music Academy that has nothing to do with its campus or its courses, you should search for <em>""music academy"" -campus -courses</em>. ",,
attribute::id::68,,,arraylink::32,arraylink::32,"Another brand new and very powerful feature in version 2.5 is the improved navigation menu. You can now define a start level and a stop level and thus create any kind of navigation you want. In fact, you do not even need the ""navigation main menu items"" and ""navigation submenu items"" modules any more. ","Another brand new and very powerful feature in version 2.5 is the improved navigation menu. You can now define a start level and a stop level and thus create any kind of navigation you want. In fact, you do not even need the ""navigation main menu items"" and ""navigation submenu items"" modules any more. ",,
attribute::id::69,,,arraylink::33,arraylink::33,"<ul> 	<li>Home</li> 	<li>Music 	<ul> 		<li>Genres 		<ul> 			<li>Rock</li> 			<li>Pop</li> 		</ul> 		</li> 		<li>Artists 		<ul> 			<li>Mrs. X</li> 			<li>Mrs. Y</li> 		</ul> 		</li> 	</ul> 	</li> 	<li>Movies 	<ul> 		<li>Genres 		<ul> 			<li>Action</li> 			<li>Fantasy</li> 		</ul> 		</li> 		<li>Actors 		<ul> 			<li>Mr. X</li> 			<li>Mr. Y</li> 		</ul> 		</li> 	</ul> 	</li> 	<li>Contact</li> </ul> ","<ul> 	<li>Home</li> 	<li>Music 	<ul> 		<li>Genres 		<ul> 			<li>Rock</li> 			<li>Pop</li> 		</ul> 		</li> 		<li>Artists 		<ul> 			<li>Mrs. X</li> 			<li>Mrs. Y</li> 		</ul> 		</li> 	</ul> 	</li> 	<li>Movies 	<ul> 		<li>Genres 		<ul> 			<li>Action</li> 			<li>Fantasy</li> 		</ul> 		</li> 		<li>Actors 		<ul> 			<li>Mr. X</li> 			<li>Mr. Y</li> 		</ul> 		</li> 	</ul> 	</li> 	<li>Contact</li> </ul> ",,
attribute::id::70,,,arraylink::34,arraylink::34,"By default, the navigation menu simply displays the whole site structure. ","By default, the navigation menu simply displays the whole site structure. ",,
attribute::id::71,,,arraylink::35,arraylink::35,"If you set the stop level to 1, the navigation menu will only display the first level and all active pages. Here is what the navigation menu looks like when you are viewing page Music -&gt; Genres -&gt; Pop.<br /> <br /> <ul> 	<li>Home</li> 	<li>Music 	<ul> 		<li>Genres 		<ul> 			<li>Pop</li> 			<li>Rock</li> 		</ul> 		</li> 	</ul> 	</li> 	<li>Movies</li> 	<li>Contact<br /> 	</li> </ul> ","If you set the stop level to 1, the navigation menu will only display the first level and all active pages. Here is what the navigation menu looks like when you are viewing page Music -&gt; Genres -&gt; Pop.<br /> <br /> <ul> 	<li>Home</li> 	<li>Music 	<ul> 		<li>Genres 		<ul> 			<li>Pop</li> 			<li>Rock</li> 		</ul> 		</li> 	</ul> 	</li> 	<li>Movies</li> 	<li>Contact<br /> 	</li> </ul> ",,
attribute::id::72,,,arraylink::36,arraylink::36,"If you set the stop level to 1, the navigation menu almost displays what the ""navigation main menu items"" module does - except for the active pages always being shown even beyond the stop level. Now, if you choose the new option ""hard limit"", the navigation menu never shows any page beyond the stop level. The ouput is exacly the same as with the ""navigation main menu items"" module. However, you are not limited to the first level anymore!<br /> <br /> <ul> 	<li>Home</li> 	<li>Music</li> 	<li>Movies</li> 	<li>Contact</li> </ul> ","If you set the stop level to 1, the navigation menu almost displays what the ""navigation main menu items"" module does - except for the active pages always being shown even beyond the stop level. Now, if you choose the new option ""hard limit"", the navigation menu never shows any page beyond the stop level. The ouput is exacly the same as with the ""navigation main menu items"" module. However, you are not limited to the first level anymore!<br /> <br /> <ul> 	<li>Home</li> 	<li>Music</li> 	<li>Movies</li> 	<li>Contact</li> </ul> ",,
attribute::id::73,,,arraylink::37,arraylink::37,"A lot of people have requested a navigation menu that allows them to show the first two levels as horizontal main navigation menu and the other levels as optional vertical submenu. You can now accomplish that.<br /> <br /> <ul> 	<li>Home</li> 	<li>Music 	<ul> 		<li>Genres</li> 		<li>Artists</li> 	</ul> 	</li> 	<li>Movies 	<ul> 		<li>Genres</li> 		<li>Actors</li> 	</ul> 	</li> 	<li>Contact</li> </ul> ","A lot of people have requested a navigation menu that allows them to show the first two levels as horizontal main navigation menu and the other levels as optional vertical submenu. You can now accomplish that.<br /> <br /> <ul> 	<li>Home</li> 	<li>Music 	<ul> 		<li>Genres</li> 		<li>Artists</li> 	</ul> 	</li> 	<li>Movies 	<ul> 		<li>Genres</li> 		<li>Actors</li> 	</ul> 	</li> 	<li>Contact</li> </ul> ",,
attribute::id::74,,,arraylink::38,arraylink::38,"The ""navigation submenu items"" module basically renders the navigation menu from the second level, using the current main menu item as starting point. Now you can accomplish the same structure with the navigation menu by simply setting the start level to 1. Here is how the navigation menu looks like on page Music -&gt; Genres -&gt; Pop.<br /> <br /> <ul> 	<li>Genres 	<ul> 		<li>Pop</li> 		<li>Rock</li> 	</ul> 	</li> 	<li>Artists 	<ul> 		<li>Mrs. X</li> 		<li>Mrs. Y</li> 	</ul> 	</li> </ul> ","The ""navigation submenu items"" module basically renders the navigation menu from the second level, using the current main menu item as starting point. Now you can accomplish the same structure with the navigation menu by simply setting the start level to 1. Here is how the navigation menu looks like on page Music -&gt; Genres -&gt; Pop.<br /> <br /> <ul> 	<li>Genres 	<ul> 		<li>Pop</li> 		<li>Rock</li> 	</ul> 	</li> 	<li>Artists 	<ul> 		<li>Mrs. X</li> 		<li>Mrs. Y</li> 	</ul> 	</li> </ul> ",,
attribute::id::75,,,arraylink::39,arraylink::39,"If your main navigation menu includes the first two levels, you want your submenu to start with an offset of two levels which is equivalent to start level 2. Here is how the navigation menu looks like on the <em>Pop</em> page.<br /> <br /> <ul> 	<li>Pop</li> 	<li>Rock</li> </ul> ","If your main navigation menu includes the first two levels, you want your submenu to start with an offset of two levels which is equivalent to start level 2. Here is how the navigation menu looks like on the <em>Pop</em> page.<br /> <br /> <ul> 	<li>Pop</li> 	<li>Rock</li> </ul> ",,
attribute::id::15,,,arraylink::40,arraylink::40,"Of course, nothing happens with the submitted data in our tutorial. However, if this was a real world website, you should do one of the following:<br /> <br /> 1. Download or program a front end module that handles the form data and include it on this page.<br /> <br /> 2. Edit the form header (using module ""form generator"") and choose to send the form data via e-mail. Enter a working e-mail address and a subject and save the form. Then go back to the front end page and submit the form again. You should now receive the form data via e-mail.<br /> <br /> {{link::back}}<br /> <br /> By the way, the ""Go back"" link above is not a static link (of course) but a dynamic one. It was created using an ""insert tag"" called <em>link::back</em>. There are a few insert tags in Contao that help you include dynamic data.<br /> <br /> <a href=""https://contao.org/wiki/english:inserttags"" onclick=""window.open(this.href); return false;"" title=""Learn more about insert tags"">Learn more about insert tags</a><br /> ","Of course, nothing happens with the submitted data in our tutorial. However, if this was a real world website, you should do one of the following:<br /> <br /> 1. Download or program a front end module that handles the form data and include it on this page.<br /> <br /> 2. Edit the form header (using module ""form generator"") and choose to send the form data via e-mail. Enter a working e-mail address and a subject and save the form. Then go back to the front end page and submit the form again. You should now receive the form data via e-mail.<br /> <br /> {{link::back}}<br /> <br /> By the way, the ""Go back"" link above is not a static link (of course) but a dynamic one. It was created using an ""insert tag"" called <em>link::back</em>. There are a few insert tags in Contao that help you include dynamic data.<br /> <br /> <a href=""https://contao.org/wiki/english:inserttags"" onclick=""window.open(this.href); return false;"" title=""Learn more about insert tags"">Learn more about insert tags</a><br /> ",,
attribute::id::76,,,arraylink::41,arraylink::41,"I am sure that you have expected a login form here, but since this is an example website (and there is a permanent login form in the left column) I am going to use it to point out another new feature instead. You might know from version 2.4 that there is an option to show a content element to guests only, meaning that the content element is not visible after you have logged in.<br /> <br /> Now (in version 2.5) you can do the same thing with pages like the login page you are currently viewing. Once you have logged in to the front end, the page will disappear from the navigation menu. This way you can hide login pages (as well as registration or lost password pages) from logged in users and show the logout page instead.<br /> ","I am sure that you have expected a login form here, but since this is an example website (and there is a permanent login form in the left column) I am going to use it to point out another new feature instead. You might know from version 2.4 that there is an option to show a content element to guests only, meaning that the content element is not visible after you have logged in.<br /> <br /> Now (in version 2.5) you can do the same thing with pages like the login page you are currently viewing. Once you have logged in to the front end, the page will disappear from the navigation menu. This way you can hide login pages (as well as registration or lost password pages) from logged in users and show the logout page instead.<br /> ",,
attribute::id::48,,,arraylink::42,arraylink::42,"<em>Request a new password</em> is part of the registration module and allows members to receive a new password vie e-mail. After the form has been submitted, a confirmation e-mail including an activation link is sent to the user. ","<em>Request a new password</em> is part of the registration module and allows members to receive a new password vie e-mail. After the form has been submitted, a confirmation e-mail including an activation link is sent to the user. ",,
attribute::id::50,,,arraylink::43,arraylink::43,"Please enter your e-mail address below. A confirmation e-mail with an activation link will be sent to this address. Click this activation link to proceed. ","Please enter your e-mail address below. A confirmation e-mail with an activation link will be sent to this address. Click this activation link to proceed. ",,
attribute::id::51,,,arraylink::44,arraylink::44,"<span style=""color: #999999"">Note that you will not be able to send any e-mails in the online demo.</span> ","<span style=""color: #999999"">Note that you will not be able to send any e-mails in the online demo.</span> ",,
attribute::id::16,,,arraylink::45,arraylink::45,"To address a front end user by his name, we are using insert tags again (you might have come across them submitting a term paper). Insert tags are special tags which allow you to include dynamic data (e.g. the current date, the current user name or the current referer). Insert tags are replaced just before a page is printed to the screen, so they will always show the correct information even if the page is cached.<br /> <br /> <a href=""https://contao.org/wiki/english:inserttags"" title=""Learn more about insert tags"">Learn more about insert tags</a><br /> <br /> Below this paragraph you can see the ""personal data"" module in action. This module allows front end users to change their personal data. Make sure to cross-check all changes in the back end. ","To address a front end user by his name, we are using insert tags again (you might have come across them submitting a term paper). Insert tags are special tags which allow you to include dynamic data (e.g. the current date, the current user name or the current referer). Insert tags are replaced just before a page is printed to the screen, so they will always show the correct information even if the page is cached.<br /> <br /> <a href=""https://contao.org/wiki/english:inserttags"" title=""Learn more about insert tags"">Learn more about insert tags</a><br /> <br /> Below this paragraph you can see the ""personal data"" module in action. This module allows front end users to change their personal data. Make sure to cross-check all changes in the back end. ",,
attribute::id::21,,,arraylink::46,arraylink::46,"You can cross-check the changes you have made in the back end (module ""members""). Select {{user::firstname}} {{user::lastname}} and take a closer look at the record.<br /> <br /> {{link::back}} ","You can cross-check the changes you have made in the back end (module ""members""). Select {{user::firstname}} {{user::lastname}} and take a closer look at the record.<br /> <br /> {{link::back}} ",,
arraysection
array::1::key::unit,h1,h1
array::1::key::value,"Access denied!","Access denied!"
array::2::key::unit,h1,h1
array::2::key::value,"Contao demo website","Contao demo website"
array::3::key::unit,h1,h1
array::3::key::value,,
array::4::key::unit,h1,h1
array::4::key::value,"Why do we need roles?","Why do we need roles?"
array::5::key::unit,h1,h1
array::5::key::value,,
array::6::key::unit,h1,h1
array::6::key::value,,
array::7::key::unit,h1,h1
array::7::key::value,,
array::8::key::unit,h1,h1
array::8::key::value,,
array::9::key::unit,h1,h1
array::9::key::value,,
array::10::key::unit,h1,h1
array::10::key::value,,
array::11::key::unit,h1,h1
array::11::key::value,,
array::12::key::unit,h1,h1
array::12::key::value,,
array::13::key::unit,h1,h1
array::13::key::value,,
array::14::key::unit,h1,h1
array::14::key::value,"Protected news","Protected news"
array::15::key::unit,h1,h1
array::15::key::value,Calendar,Calendar
array::16::key::unit,h1,h1
array::16::key::value,"List all events","List all events"
array::17::key::unit,h1,h1
array::17::key::value,Impressions,Impressions
array::18::key::unit,h1,h1
array::18::key::value,,
array::19::key::unit,h1,h1
array::19::key::value,,
array::20::key::unit,h1,h1
array::20::key::value,Teachers,Teachers
array::21::key::unit,h1,h1
array::21::key::value,"Helen Lewis","Helen Lewis"
array::22::key::unit,h1,h1
array::22::key::value,"James Wilson","James Wilson"
array::23::key::unit,h1,h1
array::23::key::value,Courses,Courses
array::24::key::unit,h1,h1
array::24::key::value,,
array::25::key::0,arraylink::47
array::25::key::1,arraylink::48
array::25::key::2,arraylink::49
array::25::key::3,arraylink::50
array::25::key::4,arraylink::51
array::25::key::5,arraylink::52
array::25::key::6,arraylink::53
array::26::key::unit,h1,h1
array::26::key::value,,
array::27::key::unit,h1,h1
array::27::key::value,"Violin Master Class","Violin Master Class"
array::28::key::unit,h1,h1
array::28::key::value,"Elements of Jazz Piano","Elements of Jazz Piano"
array::29::key::unit,h1,h1
array::29::key::value,,
array::30::key::unit,h1,h1
array::30::key::value,Services,Services
array::31::key::unit,h1,h1
array::31::key::value,"Search guidelines","Search guidelines"
array::32::key::unit,h1,h1
array::32::key::value,"Navigation menus","Navigation menus"
array::33::key::unit,h1,h1
array::33::key::value,"Example site structure","Example site structure"
array::34::key::unit,h1,h1
array::34::key::value,"Default navigation menu","Default navigation menu"
array::35::key::unit,h1,h1
array::35::key::value,"Stop level 1","Stop level 1"
array::36::key::unit,h1,h1
array::36::key::value,"Stop level 1 with hard limit","Stop level 1 with hard limit"
array::37::key::unit,h1,h1
array::37::key::value,"Stop level 2 with hard limit","Stop level 2 with hard limit"
array::38::key::unit,h1,h1
array::38::key::value,"Start level 1","Start level 1"
array::39::key::unit,h1,h1
array::39::key::value,"Start level 2","Start level 2"
array::40::key::unit,h1,h1
array::40::key::value,"We have received your term paper!","We have received your term paper!"
array::41::key::unit,h1,h1
array::41::key::value,Login,Login
array::42::key::unit,h1,h1
array::42::key::value,"Request a new password","Request a new password"
array::43::key::unit,h1,h1
array::43::key::value,"Enter your e-mail address","Enter your e-mail address"
array::44::key::unit,h1,h1
array::44::key::value,,
array::45::key::unit,h1,h1
array::45::key::value,"Welcome {{user::firstname}} {{user::lastname}}!","Welcome {{user::firstname}} {{user::lastname}}!"
array::46::key::unit,h1,h1
array::46::key::value,"Your data has been saved","Your data has been saved"
array::47::key::0,Course,Course
array::47::key::1,Students,Students
array::47::key::2,Begin,Begin
array::47::key::3,"Tuition fee","Tuition fee"
array::48::key::0,"Violin Master Class","Violin Master Class"
array::48::key::1,10,10
array::48::key::2,2010-03-02,2010-03-02
array::48::key::3,$360,$360
array::49::key::0,"Elements of Jazz Piano","Elements of Jazz Piano"
array::49::key::1,12,12
array::49::key::2,2010-03-04,2010-03-04
array::49::key::3,$450,$450
array::50::key::0,"Rock Guitar Basics","Rock Guitar Basics"
array::50::key::1,8,8
array::50::key::2,2010-03-11,2010-03-11
array::50::key::3,$300,$300
array::51::key::0,"Rock Guitar Secrets","Rock Guitar Secrets"
array::51::key::1,8,8
array::51::key::2,2010-03-12,2010-03-12
array::51::key::3,$380,$380
array::52::key::0,"Modern Drum Grooves","Modern Drum Grooves"
array::52::key::1,16,16
array::52::key::2,2010-04-02,2010-04-02
array::52::key::3,$340,$340
array::53::key::0,"Contemporary Bass Styles","Contemporary Bass Styles"
array::53::key::1,14,14
array::53::key::2,2010-04-06,2010-04-06
array::53::key::3,$320,$320
