<?xml version="1.0" encoding="UTF-8"?>
<language>
	<metatags>
		<create_unix>1374741182</create_unix>
		<create_date>2013-07-25</create_date>
		<create_time>08:33</create_time>
		<export_user_id>1</export_user_id>
		<main_language></main_language>
		<exportVersion>xml-v1</exportVersion>
	</metatags>
	<field_descriptions>
		<area name="tl_calendar_events">
			<field name="title">
				<name>title</name>
				<length>255</length>
				<type>varchar</type>
			</field>
			<field name="teaser">
				<name>teaser</name>
				<length>-1</length>
				<type>text</type>
			</field>
			<field name="details">
				<name>details</name>
				<length>-1</length>
				<type>mediumtext</type>
			</field>
			<field name="alt">
				<name>alt</name>
				<length>255</length>
				<type>varchar</type>
			</field>
			<field name="caption">
				<name>caption</name>
				<length>255</length>
				<type>varchar</type>
			</field>
		</area>
	</field_descriptions>
	<translations>
		<area name="tl_calendar_events">
			<row id="4">
				<field name="details">
					<source><![CDATA[<p>The Grammy-winning violinist Hilary Hahn is going to perform live at Music Academy.</p>]]></source>
					<translation><![CDATA[<p>The Grammy-winning violinist Hilary Hahn is going to perform live at Music Academy.</p>]]></translation>
				</field>
				<field name="teaser">
					<source><![CDATA[The Grammy-winning violinist Hilary Hahn is going to perform live at Music Academy.]]></source>
					<translation><![CDATA[The Grammy-winning violinist Hilary Hahn is going to perform live at Music Academy.]]></translation>
				</field>
				<field name="title">
					<source><![CDATA[Hilary Hahn in concert]]></source>
					<translation><![CDATA[Hilary Hahn in concert]]></translation>
				</field>
			</row>
			<row id="2">
				<field name="details">
					<source><![CDATA[<p>Final exams for all graduate students.</p>]]></source>
					<translation><![CDATA[<p>Final exams for all graduate students.</p>]]></translation>
				</field>
				<field name="teaser">
					<source><![CDATA[Final exams for all graduate students.]]></source>
					<translation><![CDATA[Final exams for all graduate students.]]></translation>
				</field>
				<field name="title">
					<source><![CDATA[Final exams]]></source>
					<translation><![CDATA[Final exams]]></translation>
				</field>
			</row>
			<row id="3">
				<field name="details">
					<source><![CDATA[The campus will be closed during the winter holiday break.<br />]]></source>
					<translation><![CDATA[The campus will be closed during the winter holiday break.<br />]]></translation>
				</field>
				<field name="teaser">
					<source><![CDATA[The campus will be closed during the winter holiday break.
]]></source>
					<translation><![CDATA[The campus will be closed during the winter holiday break.
]]></translation>
				</field>
				<field name="title">
					<source><![CDATA[Winter holiday]]></source>
					<translation><![CDATA[Winter holiday]]></translation>
				</field>
			</row>
			<row id="5">
				<field name="details">
					<source><![CDATA[<p>The famous jazz pianist Benny Green is going to perform live at Music Academy.</p>]]></source>
					<translation><![CDATA[<p>The famous jazz pianist Benny Green is going to perform live at Music Academy.</p>]]></translation>
				</field>
				<field name="teaser">
					<source><![CDATA[The famous jazz pianist Benny Green is going to perform live at Music Academy.]]></source>
					<translation><![CDATA[The famous jazz pianist Benny Green is going to perform live at Music Academy.]]></translation>
				</field>
				<field name="title">
					<source><![CDATA[Benny Green in concert]]></source>
					<translation><![CDATA[Benny Green in concert]]></translation>
				</field>
			</row>
		</area>
		<arraysection/>
	</translations>
</language>
