<?xml version="1.0" encoding="UTF-8"?>
<language>
	<metatags>
		<create_unix>1374741182</create_unix>
		<create_date>2013-07-25</create_date>
		<create_time>08:33</create_time>
		<export_user_id>1</export_user_id>
		<main_language></main_language>
		<exportVersion>xml-v1</exportVersion>
	</metatags>
	<field_descriptions>
		<area name="tl_form">
			<field name="subject">
				<name>subject</name>
				<length>255</length>
				<type>varchar</type>
			</field>
		</area>
		<area name="tl_form_field">
			<field name="label">
				<name>label</name>
				<length>255</length>
				<type>varchar</type>
			</field>
			<field name="text">
				<name>text</name>
				<length>-1</length>
				<type>text</type>
			</field>
			<field name="html">
				<name>html</name>
				<length>-1</length>
				<type>text</type>
			</field>
			<field name="options">
				<name>options</name>
				<length>-1</length>
				<type>blob</type>
			</field>
			<field name="value">
				<name>value</name>
				<length>255</length>
				<type>varchar</type>
			</field>
		</area>
	</field_descriptions>
	<translations>
		<area name="tl_form">
			<row id="2">
				<field name="subject">
					<source><![CDATA[Term paper submission]]></source>
					<translation><![CDATA[Term paper submission]]></translation>
				</field>
			</row>
		</area>
		<area name="tl_form_field">
			<row id="2">
				<field name="label">
					<source><![CDATA[Your name]]></source>
					<translation><![CDATA[Your name]]></translation>
				</field>
			</row>
			<row id="3">
				<field name="label">
					<source><![CDATA[Your email]]></source>
					<translation><![CDATA[Your email]]></translation>
				</field>
				<field name="value">
					<source><![CDATA[@]]></source>
					<translation><![CDATA[@]]></translation>
				</field>
			</row>
			<row id="4">
				<field name="label">
					<source><![CDATA[Message]]></source>
					<translation><![CDATA[Message]]></translation>
				</field>
			</row>
			<row id="5">
				<field name="label">
					<source><![CDATA[Your file]]></source>
					<translation><![CDATA[Your file]]></translation>
				</field>
			</row>
			<row id="7">
				<field name="text">
					<source><![CDATA[<h1>Term paper submission</h1>]]></source>
					<translation><![CDATA[<h1>Term paper submission</h1>]]></translation>
				</field>
			</row>
			<row id="8">
				<field name="text">
					<source><![CDATA[Please enter your first name and last name and provide a working e-mail address.]]></source>
					<translation><![CDATA[Please enter your first name and last name and provide a working e-mail address.]]></translation>
				</field>
			</row>
			<row id="9">
				<field name="text">
					<source><![CDATA[<p style="margin-top: 36px">Please browse your local PC and choose your term paper file to be uploaded. <strong>Please note that we accept PDF format &#40;Acrobat Reader&#41; only</strong>! The file size must not exceed 1 MB.</p>]]></source>
					<translation><![CDATA[<p style="margin-top: 36px">Please browse your local PC and choose your term paper file to be uploaded. <strong>Please note that we accept PDF format &#40;Acrobat Reader&#41; only</strong>! The file size must not exceed 1 MB.</p>]]></translation>
				</field>
			</row>
			<row id="11">
				<field name="options" arraylink="1"/>
			</row>
		</area>
		<arraysection>
			<arraylink id="1" key="0" empty="" arraylink="2"/>
			<arraylink id="2" key="value" empty="">
				<source><![CDATA[1]]></source>
				<translation><![CDATA[1]]></translation>
			</arraylink>
			<arraylink id="2" key="label" empty="">
				<source><![CDATA[Send me a copy of this e-mail]]></source>
				<translation><![CDATA[Send me a copy of this e-mail]]></translation>
			</arraylink>
		</arraysection>
	</translations>
</language>
