<?xml version="1.0" encoding="UTF-8"?>
<language>
	<metatags>
		<create_unix>1374741182</create_unix>
		<create_date>2013-07-25</create_date>
		<create_time>08:33</create_time>
		<export_user_id>1</export_user_id>
		<main_language></main_language>
		<exportVersion>xml-v1</exportVersion>
	</metatags>
	<field_descriptions>
		<area name="tl_news">
			<field name="headline">
				<name>headline</name>
				<length>255</length>
				<type>varchar</type>
			</field>
			<field name="subheadline">
				<name>subheadline</name>
				<length>255</length>
				<type>varchar</type>
			</field>
			<field name="teaser">
				<name>teaser</name>
				<length>-1</length>
				<type>text</type>
			</field>
			<field name="text">
				<name>text</name>
				<length>-1</length>
				<type>mediumtext</type>
			</field>
			<field name="alt">
				<name>alt</name>
				<length>255</length>
				<type>varchar</type>
			</field>
			<field name="caption">
				<name>caption</name>
				<length>255</length>
				<type>varchar</type>
			</field>
		</area>
	</field_descriptions>
	<translations>
		<area name="tl_news">
			<row id="1">
				<field name="alt">
					<source><![CDATA[James Wilson]]></source>
					<translation><![CDATA[James Wilson]]></translation>
				</field>
				<field name="headline">
					<source><![CDATA[Associate Professor James Wilson returns]]></source>
					<translation><![CDATA[Associate Professor James Wilson returns]]></translation>
				</field>
				<field name="subheadline">
					<source><![CDATA[Veteran Jazz pianist James Wilson has enjoyed international renown since graduating from Music Academy in 1968.]]></source>
					<translation><![CDATA[Veteran Jazz pianist James Wilson has enjoyed international renown since graduating from Music Academy in 1968.]]></translation>
				</field>
				<field name="teaser">
					<source><![CDATA[Jazz pianist James Wilson returns to Music Academy to give lessons in traditional and contemporary Jazz Piano.]]></source>
					<translation><![CDATA[Jazz pianist James Wilson returns to Music Academy to give lessons in traditional and contemporary Jazz Piano.]]></translation>
				</field>
				<field name="text">
					<source><![CDATA[James Wilson and the stage have been lifelong partners. The jazz pianist
and youngest son of a preacher began playing in his father's church as
a preschooler, took his first solo at the age of six, and has been a
lead performer ever since.]]></source>
					<translation><![CDATA[James Wilson and the stage have been lifelong partners. The jazz pianist
and youngest son of a preacher began playing in his father's church as
a preschooler, took his first solo at the age of six, and has been a
lead performer ever since.]]></translation>
				</field>
			</row>
			<row id="2">
				<field name="headline">
					<source><![CDATA[Scholarship Program]]></source>
					<translation><![CDATA[Scholarship Program]]></translation>
				</field>
				<field name="subheadline">
					<source><![CDATA[Music Academy debuts a new Scholarship Program.]]></source>
					<translation><![CDATA[Music Academy debuts a new Scholarship Program.]]></translation>
				</field>
				<field name="teaser">
					<source><![CDATA[Music Academy debuts a new Scholarship Program that will cover all tuition and housing fees.]]></source>
					<translation><![CDATA[Music Academy debuts a new Scholarship Program that will cover all tuition and housing fees.]]></translation>
				</field>
				<field name="text">
					<source><![CDATA[In a major new initiative to attract the best young musicians,
regardless of their ability to pay, Music Academy has announced a
Scholarship Program that will cover all tuition and housing fees. Scholars will attend Music Academy
for four years, with all fees provided at no charge.]]></source>
					<translation><![CDATA[In a major new initiative to attract the best young musicians,
regardless of their ability to pay, Music Academy has announced a
Scholarship Program that will cover all tuition and housing fees. Scholars will attend Music Academy
for four years, with all fees provided at no charge.]]></translation>
				</field>
			</row>
			<row id="3">
				<field name="headline">
					<source><![CDATA[Open days]]></source>
					<translation><![CDATA[Open days]]></translation>
				</field>
				<field name="subheadline">
					<source><![CDATA[Welcome everybody to Music Academy]]></source>
					<translation><![CDATA[Welcome everybody to Music Academy]]></translation>
				</field>
				<field name="teaser">
					<source><![CDATA[Every Friday in February 2010 the gates of the Music Academy's campus will be thrown wide open to welcome everyone for a day filled with fun and interest.]]></source>
					<translation><![CDATA[Every Friday in February 2010 the gates of the Music Academy's campus will be thrown wide open to welcome everyone for a day filled with fun and interest.]]></translation>
				</field>
				<field name="text">
					<source><![CDATA[<p>Every Friday in February 2010 the gates of the Music Academy's campus will be thrown wide open to welcome everyone for a day filled with fun and interest. The programme includes: <br />
<br />
<strong>
Showcase events</strong>: demonstrations and
activities organised by each of the academic units<br />
<strong>Courses Information</strong>: advice about studying and details of MA courses<br />
<strong>Lectures</strong>: a series of illustrated talks on interesting and topical
issues<br />
<strong>Entertainment</strong>: campus tour, music, activities and buffet</p>]]></source>
					<translation><![CDATA[<p>Every Friday in February 2010 the gates of the Music Academy's campus will be thrown wide open to welcome everyone for a day filled with fun and interest. The programme includes: <br />
<br />
<strong>
Showcase events</strong>: demonstrations and
activities organised by each of the academic units<br />
<strong>Courses Information</strong>: advice about studying and details of MA courses<br />
<strong>Lectures</strong>: a series of illustrated talks on interesting and topical
issues<br />
<strong>Entertainment</strong>: campus tour, music, activities and buffet</p>]]></translation>
				</field>
			</row>
			<row id="4">
				<field name="headline">
					<source><![CDATA[Hilary Hahn performs at Music Academy]]></source>
					<translation><![CDATA[Hilary Hahn performs at Music Academy]]></translation>
				</field>
				<field name="subheadline">
					<source><![CDATA[The Grammy-winning violinist Hilary Hahn is going to perform live at Music Academy on the 12th of February 2010.]]></source>
					<translation><![CDATA[The Grammy-winning violinist Hilary Hahn is going to perform live at Music Academy on the 12th of February 2010.]]></translation>
				</field>
				<field name="teaser">
					<source><![CDATA[The Grammy-winning violinist Hilary Hahn is going to perform live at Music Academy.]]></source>
					<translation><![CDATA[The Grammy-winning violinist Hilary Hahn is going to perform live at Music Academy.]]></translation>
				</field>
				<field name="text">
					<source><![CDATA[<p>At the age of 27, Grammy Award-winning violinist Hilary Hahn is one of the most compelling artists on the international concert circuit. Renowned for her intellectual and emotional maturity, she was named "America's Best" young classical musician by Time Magazine in 2001, and appears on a regular basis with the world's great orchestras in Europe, Asia, and North America.<br />
<br />
Watch Hilary Hahn perform live at Music Academy on the 12th of February 2010!</p>]]></source>
					<translation><![CDATA[<p>At the age of 27, Grammy Award-winning violinist Hilary Hahn is one of the most compelling artists on the international concert circuit. Renowned for her intellectual and emotional maturity, she was named "America's Best" young classical musician by Time Magazine in 2001, and appears on a regular basis with the world's great orchestras in Europe, Asia, and North America.<br />
<br />
Watch Hilary Hahn perform live at Music Academy on the 12th of February 2010!</p>]]></translation>
				</field>
			</row>
			<row id="5">
				<field name="headline">
					<source><![CDATA[Benny Green performs at Music Academy]]></source>
					<translation><![CDATA[Benny Green performs at Music Academy]]></translation>
				</field>
				<field name="subheadline">
					<source><![CDATA[The famous jazz pianist Benny Green is going to perform live at Music Academy on the 19th of February 2010.]]></source>
					<translation><![CDATA[The famous jazz pianist Benny Green is going to perform live at Music Academy on the 19th of February 2010.]]></translation>
				</field>
				<field name="teaser">
					<source><![CDATA[The famous jazz pianist Benny Green is going to perform live at Music Academy.]]></source>
					<translation><![CDATA[The famous jazz pianist Benny Green is going to perform live at Music Academy.]]></translation>
				</field>
				<field name="text">
					<source><![CDATA[<p>Benny Green is a hard bop jazz pianist who "graduated" from Art Blakey's Jazz Messengers. As a boy he grew up in Berkeley, California and studied classical piano from the age of seven. He also had an interest in jazz from an early point as his father was a jazz tenor saxophone player. Benny Green was "discovered" by Fay Carroll and later while still in his teens worked in a quintet led by Eddie Henderson.<br />
<br />
Watch Benny Green perform live at Music Academy on the 19th of February 2010!</p>]]></source>
					<translation><![CDATA[<p>Benny Green is a hard bop jazz pianist who "graduated" from Art Blakey's Jazz Messengers. As a boy he grew up in Berkeley, California and studied classical piano from the age of seven. He also had an interest in jazz from an early point as his father was a jazz tenor saxophone player. Benny Green was "discovered" by Fay Carroll and later while still in his teens worked in a quintet led by Eddie Henderson.<br />
<br />
Watch Benny Green perform live at Music Academy on the 19th of February 2010!</p>]]></translation>
				</field>
			</row>
		</area>
		<arraysection/>
	</translations>
</language>
