<?xml version="1.0" encoding="UTF-8"?>
<language>
	<metatags>
		<create_unix>1374741181</create_unix>
		<create_date>2013-07-25</create_date>
		<create_time>08:33</create_time>
		<export_user_id>1</export_user_id>
		<main_language>en</main_language>
		<exportVersion>e-xml-v1</exportVersion>
	</metatags>
	<field_descriptions>
		<area name="tl_page">
			<field name="title">
				<name>title</name>
				<length>255</length>
				<type>varchar</type>
			</field>
			<field name="pageTitle">
				<name>pageTitle</name>
				<length>255</length>
				<type>varchar</type>
			</field>
			<field name="description">
				<name>description</name>
				<length>-1</length>
				<type>text</type>
			</field>
		</area>
		<area name="tl_content">
			<field name="headline">
				<name>headline</name>
				<length>255</length>
				<type>varchar</type>
			</field>
			<field name="text">
				<name>text</name>
				<length>-1</length>
				<type>mediumtext</type>
			</field>
			<field name="alt">
				<name>alt</name>
				<length>255</length>
				<type>varchar</type>
			</field>
			<field name="title">
				<name>title</name>
				<length>255</length>
				<type>varchar</type>
			</field>
			<field name="html">
				<name>html</name>
				<length>-1</length>
				<type>mediumtext</type>
			</field>
			<field name="listitems">
				<name>listitems</name>
				<length>-1</length>
				<type>blob</type>
			</field>
			<field name="tableitems">
				<name>tableitems</name>
				<length>-1</length>
				<type>mediumblob</type>
			</field>
			<field name="summary">
				<name>summary</name>
				<length>255</length>
				<type>varchar</type>
			</field>
			<field name="linkTitle">
				<name>linkTitle</name>
				<length>255</length>
				<type>varchar</type>
			</field>
		</area>
	</field_descriptions>
	<translations>
		<page type="tl_page" id="1" title="Music Academy" pageTitle="" link="http://www.men-at-work.de/1">
			<data>
				<field name="title">
					<source><![CDATA[Music Academy]]></source>
					<translation><![CDATA[Music Academy]]></translation>
				</field>
			</data>
			<articles/>
		</page>
		<page type="tl_page" id="19" title="Page not found" pageTitle="" link="http://www.men-at-work.de/19">
			<data>
				<field name="title">
					<source><![CDATA[Page not found]]></source>
					<translation><![CDATA[Page not found]]></translation>
				</field>
			</data>
			<articles/>
		</page>
		<page type="tl_page" id="16" title="Access denied" pageTitle="" link="http://www.men-at-work.de/16">
			<data>
				<field name="description">
					<source><![CDATA[You are not allowed to access the current page]]></source>
					<translation><![CDATA[You are not allowed to access the current page]]></translation>
				</field>
				<field name="title">
					<source><![CDATA[Access denied]]></source>
					<translation><![CDATA[Access denied]]></translation>
				</field>
			</data>
			<articles>
				<article type="tl_article" id="13" title="Access denied" inColumn="main">
					<contentelements>
						<content type="tl_content" id="19" ctype="text">
							<data>
								<field name="headline" array="1">
									<arrayelement key="unit" empty="" value="h1"/>
									<arrayelement key="value" empty="">
										<source><![CDATA[Access denied!]]></source>
										<translation><![CDATA[Access denied!]]></translation>
									</arrayelement>
								</field>
								<field name="text">
									<source><![CDATA[You are not allowed to access the requested page!<br />
<br />
Maybe you are not logged in correctly?<br />
<br />
If a user tries to access a protected page without permission, a special <strong>error_403</strong> page will be called. In this case you can either display an error message (like we are doing now) by simply creating an article on this page, or you can redirect the user to another page (e.g. the welcome page).<br />
<br />
Accordingly, if a user tries to access a page that does not exist, a special <strong>error_404</strong> page will be called. Again, you can either display an error message or redirect the user to another page.
]]></source>
									<translation><![CDATA[You are not allowed to access the requested page!<br />
<br />
Maybe you are not logged in correctly?<br />
<br />
If a user tries to access a protected page without permission, a special <strong>error_403</strong> page will be called. In this case you can either display an error message (like we are doing now) by simply creating an article on this page, or you can redirect the user to another page (e.g. the welcome page).<br />
<br />
Accordingly, if a user tries to access a page that does not exist, a special <strong>error_404</strong> page will be called. Again, you can either display an error message or redirect the user to another page.
]]></translation>
								</field>
							</data>
						</content>
					</contentelements>
				</article>
			</articles>
		</page>
		<page type="tl_page" id="2" title="Home" pageTitle="Welcome to Music Academy" link="http://www.men-at-work.de/2">
			<data>
				<field name="description">
					<source><![CDATA[Welcome to Music Academy]]></source>
					<translation><![CDATA[Welcome to Music Academy]]></translation>
				</field>
				<field name="pageTitle">
					<source><![CDATA[Welcome to Music Academy]]></source>
					<translation><![CDATA[Welcome to Music Academy]]></translation>
				</field>
				<field name="title">
					<source><![CDATA[Home]]></source>
					<translation><![CDATA[Home]]></translation>
				</field>
			</data>
			<articles>
				<article type="tl_article" id="1" title="Home" inColumn="main">
					<contentelements>
						<content type="tl_content" id="1" ctype="text">
							<data>
								<field name="headline" array="1">
									<arrayelement key="unit" empty="" value="h1"/>
									<arrayelement key="value" empty="">
										<source><![CDATA[Contao demo website]]></source>
										<translation><![CDATA[Contao demo website]]></translation>
									</arrayelement>
								</field>
								<field name="text">
									<source><![CDATA[A content management system is usually divided into two areas: the back end (administration area) and the front end (website). If you are reading this, you are currently viewing the front end. To log in to the back end, simply add <em>/contao</em> to your URL ({{env::path}}contao). <br />
<br />
When I was creating the example website to give people an idea of what can be done with a content management system, I tried to find a "real world" scenario that involved more than one person. There are a lot of different scenarios that can be done with Contao: from a simple website managed by a single administrator to a community website with a lot of members (front end users) or a company website (intranet or internet) with a lot of back end users. Finally, I came up with a college website that has different back end users and front end users.<br />
<br />
The Music Academy example includes three back end users (employees) and two front end users (students). Each user has a different role. You can log in to their accounts and see how Contao looks from their perspective. Please note that academy employees (back end user) can only log in to the back end and students (front end user) can only log in to the front end. You are currently viewing the front end.
]]></source>
									<translation><![CDATA[A content management system is usually divided into two areas: the back end (administration area) and the front end (website). If you are reading this, you are currently viewing the front end. To log in to the back end, simply add <em>/contao</em> to your URL ({{env::path}}contao). <br />
<br />
When I was creating the example website to give people an idea of what can be done with a content management system, I tried to find a "real world" scenario that involved more than one person. There are a lot of different scenarios that can be done with Contao: from a simple website managed by a single administrator to a community website with a lot of members (front end users) or a company website (intranet or internet) with a lot of back end users. Finally, I came up with a college website that has different back end users and front end users.<br />
<br />
The Music Academy example includes three back end users (employees) and two front end users (students). Each user has a different role. You can log in to their accounts and see how Contao looks from their perspective. Please note that academy employees (back end user) can only log in to the back end and students (front end user) can only log in to the front end. You are currently viewing the front end.
]]></translation>
								</field>
							</data>
						</content>
						<content type="tl_content" id="47" ctype="headline">
							<data>
								<field name="headline">
									<source><![CDATA[User accounts]]></source>
									<translation><![CDATA[User accounts]]></translation>
								</field>
							</data>
						</content>
						<content type="tl_content" id="40" ctype="accordion">
							<data>
								<field name="text">
									<source><![CDATA[<strong>Username</strong>: k.jones<br />
<strong>Password</strong>: kevinjones<br />
<strong>Role</strong>: back end user and administrator
]]></source>
									<translation><![CDATA[<strong>Username</strong>: k.jones<br />
<strong>Password</strong>: kevinjones<br />
<strong>Role</strong>: back end user and administrator
]]></translation>
								</field>
							</data>
						</content>
						<content type="tl_content" id="41" ctype="accordion">
							<data>
								<field name="text">
									<source><![CDATA[<strong>Username</strong>: h.lewis<br />
<strong>Password</strong>: helenlewis<br />
<strong>Role</strong>: back end user
]]></source>
									<translation><![CDATA[<strong>Username</strong>: h.lewis<br />
<strong>Password</strong>: helenlewis<br />
<strong>Role</strong>: back end user
]]></translation>
								</field>
							</data>
						</content>
						<content type="tl_content" id="42" ctype="accordion">
							<data>
								<field name="text">
									<source><![CDATA[<strong>Username</strong>: j.wilson<br />
<strong>Password</strong>: jameswilson<br />
<strong>Role</strong>: back end user
]]></source>
									<translation><![CDATA[<strong>Username</strong>: j.wilson<br />
<strong>Password</strong>: jameswilson<br />
<strong>Role</strong>: back end user
]]></translation>
								</field>
							</data>
						</content>
						<content type="tl_content" id="44" ctype="accordion">
							<data>
								<field name="text">
									<source><![CDATA[<strong>Username</strong>: j.smith<br />
<strong>Password</strong>: johnsmith<br />
<strong>Role</strong>: front end user
]]></source>
									<translation><![CDATA[<strong>Username</strong>: j.smith<br />
<strong>Password</strong>: johnsmith<br />
<strong>Role</strong>: front end user
]]></translation>
								</field>
							</data>
						</content>
						<content type="tl_content" id="45" ctype="accordion">
							<data>
								<field name="text">
									<source><![CDATA[<strong>Username</strong>: d.evans<br />
<strong>Password</strong>: donnaevans<br />
<strong>Role</strong>: front end user
]]></source>
									<translation><![CDATA[<strong>Username</strong>: d.evans<br />
<strong>Password</strong>: donnaevans<br />
<strong>Role</strong>: front end user
]]></translation>
								</field>
							</data>
						</content>
						<content type="tl_content" id="46" ctype="text">
							<data>
								<field name="headline">
									<source><![CDATA[Roles and permissions]]></source>
									<translation><![CDATA[Roles and permissions]]></translation>
								</field>
								<field name="text">
									<source><![CDATA[On the next page (<em>The academy</em>) we will take a closer look at the different roles and we will find out what our users are allowed to do and what they cannot do. You can then take a closer look at how these access restrictions have been implemented in the back end.<br />
<br />
Make sure to visit <a href="https://contao.org/" title="Visit contao.org" onclick="window.open(this.href); return false;">https://contao.org</a> for more information.
]]></source>
									<translation><![CDATA[On the next page (<em>The academy</em>) we will take a closer look at the different roles and we will find out what our users are allowed to do and what they cannot do. You can then take a closer look at how these access restrictions have been implemented in the back end.<br />
<br />
Make sure to visit <a href="https://contao.org/" title="Visit contao.org" onclick="window.open(this.href); return false;">https://contao.org</a> for more information.
]]></translation>
								</field>
							</data>
						</content>
					</contentelements>
				</article>
			</articles>
		</page>
		<page type="tl_page" id="3" title="The academy" pageTitle="About the academy" link="http://www.men-at-work.de/3">
			<data>
				<field name="pageTitle">
					<source><![CDATA[About the academy]]></source>
					<translation><![CDATA[About the academy]]></translation>
				</field>
				<field name="title">
					<source><![CDATA[The academy]]></source>
					<translation><![CDATA[The academy]]></translation>
				</field>
			</data>
			<articles>
				<article type="tl_article" id="17" title="The academy" inColumn="main">
					<contentelements>
						<content type="tl_content" id="23" ctype="text">
							<data>
								<field name="headline" array="1">
									<arrayelement key="unit" empty="" value="h1"/>
									<arrayelement key="value" empty="">
										<source><![CDATA[Why do we need roles?]]></source>
										<translation><![CDATA[Why do we need roles?]]></translation>
									</arrayelement>
								</field>
								<field name="text">
									<source><![CDATA[Imagine that you and a friend of yours are managing a website. Maybe you are a successful web designer whereas your friend has no idea about CSS but is a committed writer. Therefor, you have decided to share the work. In the future, you will be doing the design and administration of the website and your friend will be writing articles. This is a basic principle of any CMS by the way - separation of content and design.<br />
<br />
Now, as both of you have to have access to the back end, your friend would still be able to edit the look of the website or to create new user accounts, although he is actually not responsible for design or administration. Therefor, you want to disable these functions for his account. At this point, you have created a role (although it exists in your mind only) that you could name "editor" or "author".<br />
<br />
To learn how user permissions can be restricted, let's take a closer look at the roles of our example users.
]]></source>
									<translation><![CDATA[Imagine that you and a friend of yours are managing a website. Maybe you are a successful web designer whereas your friend has no idea about CSS but is a committed writer. Therefor, you have decided to share the work. In the future, you will be doing the design and administration of the website and your friend will be writing articles. This is a basic principle of any CMS by the way - separation of content and design.<br />
<br />
Now, as both of you have to have access to the back end, your friend would still be able to edit the look of the website or to create new user accounts, although he is actually not responsible for design or administration. Therefor, you want to disable these functions for his account. At this point, you have created a role (although it exists in your mind only) that you could name "editor" or "author".<br />
<br />
To learn how user permissions can be restricted, let's take a closer look at the roles of our example users.
]]></translation>
								</field>
							</data>
						</content>
						<content type="tl_content" id="24" ctype="text">
							<data>
								<field name="alt">
									<source><![CDATA[Administrator]]></source>
									<translation><![CDATA[Administrator]]></translation>
								</field>
								<field name="headline" array="1">
									<arrayelement key="unit" empty="" value="h1"/>
									<arrayelement key="value" empty="1"/>
								</field>
								<field name="text">
									<source><![CDATA[<span style="text-decoration: underline">1. Kevin Jones</span><br />
<br />
He is the administrator of the website and he can access all modules and functions. To create an administrator account, simply create a new user and check <em>Administrator</em>.
]]></source>
									<translation><![CDATA[<span style="text-decoration: underline">1. Kevin Jones</span><br />
<br />
He is the administrator of the website and he can access all modules and functions. To create an administrator account, simply create a new user and check <em>Administrator</em>.
]]></translation>
								</field>
							</data>
						</content>
						<content type="tl_content" id="27" ctype="text">
							<data>
								<field name="alt">
									<source><![CDATA[Modules]]></source>
									<translation><![CDATA[Modules]]></translation>
								</field>
								<field name="headline" array="1">
									<arrayelement key="unit" empty="" value="h1"/>
									<arrayelement key="value" empty="1"/>
								</field>
								<field name="text">
									<source><![CDATA[<span style="text-decoration: underline">2. Helen Lewis</span><br />
<br />
She is a teacher and responsible for her course "Violin Master Class". Each course has its own page, its own news archive and its own calendar. And all these resources are visible to the students of the respective course only. In addition, there is a general courses page that can be accessed by all students and edited by all teachers.<br />
<br />
Since Mrs. Lewis is not the only editor, it is useful to create a role (user group) called <em>Editors</em>. Open module "User groups" and take a look at the Editors group. As you can see, there are only a few modules activated. Each editor (teacher) has access to the navigation module (to modify pages), the articles module (to create content on the pages), the news module (to create news items), the calendar/events module (to create events) and the file manager module (to upload images or documents).
]]></source>
									<translation><![CDATA[<span style="text-decoration: underline">2. Helen Lewis</span><br />
<br />
She is a teacher and responsible for her course "Violin Master Class". Each course has its own page, its own news archive and its own calendar. And all these resources are visible to the students of the respective course only. In addition, there is a general courses page that can be accessed by all students and edited by all teachers.<br />
<br />
Since Mrs. Lewis is not the only editor, it is useful to create a role (user group) called <em>Editors</em>. Open module "User groups" and take a look at the Editors group. As you can see, there are only a few modules activated. Each editor (teacher) has access to the navigation module (to modify pages), the articles module (to create content on the pages), the news module (to create news items), the calendar/events module (to create events) and the file manager module (to upload images or documents).
]]></translation>
								</field>
							</data>
						</content>
						<content type="tl_content" id="59" ctype="text">
							<data>
								<field name="alt">
									<source><![CDATA[News and calendars]]></source>
									<translation><![CDATA[News and calendars]]></translation>
								</field>
								<field name="headline" array="1">
									<arrayelement key="unit" empty="" value="h1"/>
									<arrayelement key="value" empty="1"/>
								</field>
								<field name="text">
									<source><![CDATA[In addition, Mrs. Lewis is allowed to access the general news archive and calendar as well as the news archive and calendar of her course "Violin Master Class". This access control feature is actually new in Contao version 2.5!
]]></source>
									<translation><![CDATA[In addition, Mrs. Lewis is allowed to access the general news archive and calendar as well as the news archive and calendar of her course "Violin Master Class". This access control feature is actually new in Contao version 2.5!
]]></translation>
								</field>
							</data>
						</content>
						<content type="tl_content" id="28" ctype="text">
							<data>
								<field name="alt">
									<source><![CDATA[Pagemounts]]></source>
									<translation><![CDATA[Pagemounts]]></translation>
								</field>
								<field name="headline" array="1">
									<arrayelement key="unit" empty="" value="h1"/>
									<arrayelement key="value" empty="1"/>
								</field>
								<field name="text">
									<source><![CDATA[Contao is a tree-based content management system, meaning that each front end page refers to a page in the hierarchically ordered site structure. Administrators can always see the whole page tree, whereas users, by default, do not have access to it at all. To enable one or more pages for a user, you have to "mount" them into his profile. The same applies to the file manager and the folders of the upload directory.<br />
<br />
Since we want Mrs. Lewis to be able to edit the courses page and the page of her own class, I have choosen page <em>Courses</em> as mounting point (subpages are included automatically). If you log in to the back end as Mrs. Lewis, you will only see those three pages in the site structure.
]]></source>
									<translation><![CDATA[Contao is a tree-based content management system, meaning that each front end page refers to a page in the hierarchically ordered site structure. Administrators can always see the whole page tree, whereas users, by default, do not have access to it at all. To enable one or more pages for a user, you have to "mount" them into his profile. The same applies to the file manager and the folders of the upload directory.<br />
<br />
Since we want Mrs. Lewis to be able to edit the courses page and the page of her own class, I have choosen page <em>Courses</em> as mounting point (subpages are included automatically). If you log in to the back end as Mrs. Lewis, you will only see those three pages in the site structure.
]]></translation>
								</field>
							</data>
						</content>
						<content type="tl_content" id="30" ctype="text">
							<data>
								<field name="alt">
									<source><![CDATA[Permissions]]></source>
									<translation><![CDATA[Permissions]]></translation>
								</field>
								<field name="headline" array="1">
									<arrayelement key="unit" empty="" value="h1"/>
									<arrayelement key="value" empty="1"/>
								</field>
								<field name="text">
									<source><![CDATA[<span style="text-decoration: underline">3. James Wilson</span><br />
<br />
He is an assocciate professor for Jazz Piano and therefor also a back end user (editor). Like Mrs. Lewis, he is in charge for the courses page and his own course "Elements of Jazz Piano". Since all editors share the same user group, Mr. Wilson can also see Mrs. Lewis' page in the site structure. However, he is not able to edit it.<br />
<br />
Now let's log in to the back end as Kevin Jones (administrator) and open the site structure module. Go to page <em>Elements of Jazz Piano</em> and edit it. There is an option called "Assign permissions" which you should not have seen when you were logged in as James Wilson. Here you can set the owner of a page (a user and a group).
]]></source>
									<translation><![CDATA[<span style="text-decoration: underline">3. James Wilson</span><br />
<br />
He is an assocciate professor for Jazz Piano and therefor also a back end user (editor). Like Mrs. Lewis, he is in charge for the courses page and his own course "Elements of Jazz Piano". Since all editors share the same user group, Mr. Wilson can also see Mrs. Lewis' page in the site structure. However, he is not able to edit it.<br />
<br />
Now let's log in to the back end as Kevin Jones (administrator) and open the site structure module. Go to page <em>Elements of Jazz Piano</em> and edit it. There is an option called "Assign permissions" which you should not have seen when you were logged in as James Wilson. Here you can set the owner of a page (a user and a group).
]]></translation>
								</field>
							</data>
						</content>
						<content type="tl_content" id="60" ctype="text">
							<data>
								<field name="headline" array="1">
									<arrayelement key="unit" empty="" value="h1"/>
									<arrayelement key="value" empty="1"/>
								</field>
								<field name="text">
									<source><![CDATA[There are three ways to relate to a page: as the user who owns the
page, as the group who owns the page or as someone else. Each role has
its own set of permissions (similar to the UNIX chmod utility).<br />
<br />
Of course, page <em>Elements of Jazz Piano</em> belongs to Mr.
Wilson and he is the only user who is allowed to do something with it (remember that administrators have access to all
pages and modules at any time).
]]></source>
									<translation><![CDATA[There are three ways to relate to a page: as the user who owns the
page, as the group who owns the page or as someone else. Each role has
its own set of permissions (similar to the UNIX chmod utility).<br />
<br />
Of course, page <em>Elements of Jazz Piano</em> belongs to Mr.
Wilson and he is the only user who is allowed to do something with it (remember that administrators have access to all
pages and modules at any time).
]]></translation>
								</field>
							</data>
						</content>
						<content type="tl_content" id="31" ctype="text">
							<data>
								<field name="alt">
									<source><![CDATA[Protected pages]]></source>
									<translation><![CDATA[Protected pages]]></translation>
								</field>
								<field name="headline" array="1">
									<arrayelement key="unit" empty="" value="h1"/>
									<arrayelement key="value" empty="1"/>
								</field>
								<field name="text">
									<source><![CDATA[<span style="text-decoration: underline">4. John Smith</span><br />
<br />
He is a Piano student and he attends Mr. Wilson's class. If
you log in to the front end as John Smith, you will recognize
three additional pages in the website navigation menu that were not visible before (<em>Elements of Jazz Piano</em>, <em>My account</em> and <em>Logout</em>). These pages are protected and therefor not visible to guests.<br />
<br />
Go to the back end again, open the site structure module and edit page <em>Elements of Jazz Piano</em>. You will find the options "Protect page" and "Allowed member groups" which let you grant access to one or more member groups. If you do not choose a group at all, the page will be visible to any logged in front end user.
]]></source>
									<translation><![CDATA[<span style="text-decoration: underline">4. John Smith</span><br />
<br />
He is a Piano student and he attends Mr. Wilson's class. If
you log in to the front end as John Smith, you will recognize
three additional pages in the website navigation menu that were not visible before (<em>Elements of Jazz Piano</em>, <em>My account</em> and <em>Logout</em>). These pages are protected and therefor not visible to guests.<br />
<br />
Go to the back end again, open the site structure module and edit page <em>Elements of Jazz Piano</em>. You will find the options "Protect page" and "Allowed member groups" which let you grant access to one or more member groups. If you do not choose a group at all, the page will be visible to any logged in front end user.
]]></translation>
								</field>
							</data>
						</content>
						<content type="tl_content" id="61" ctype="text">
							<data>
								<field name="headline" array="1">
									<arrayelement key="unit" empty="" value="h1"/>
									<arrayelement key="value" empty="1"/>
								</field>
								<field name="text">
									<source><![CDATA[Our example page <em>Elements of Jazz Piano</em> is only visible to members of the group <em>Piano students</em>. You will not be able to access the page when you are logged in as Donna Evans or when you are not logged in at all.
]]></source>
									<translation><![CDATA[Our example page <em>Elements of Jazz Piano</em> is only visible to members of the group <em>Piano students</em>. You will not be able to access the page when you are logged in as Donna Evans or when you are not logged in at all.
]]></translation>
								</field>
							</data>
						</content>
						<content type="tl_content" id="32" ctype="text">
							<data>
								<field name="alt">
									<source><![CDATA[Page layout]]></source>
									<translation><![CDATA[Page layout]]></translation>
								</field>
								<field name="headline" array="1">
									<arrayelement key="unit" empty="" value="h1"/>
									<arrayelement key="value" empty="1"/>
								</field>
								<field name="text">
									<source><![CDATA[<span style="text-decoration: underline">5. Donna Evans</span><br />
<br />
She is a Violin student and she attends Mrs. Lewis' class. On the protected page <em>My account</em> you can change Donna Evans' personal data using a front end module called "Personal data". Note that there are back end modules as well as front end modules and that both provide different functionality.<br />
<br />
Now, here is the general rule how to set up pages in Contao. Each page has a page layout and each page layout includes one or more front end modules and style sheets. Thus, you should create pages in the following order:<br />
<br />
a. Create all necessary front end modules<br />
b. Create all necessary style sheets<br />
c. Create a page layout and include your front end modules and your style sheets<br />
d. Create the page and include the layout<br />
<br />
Open the page layouts module and take a look at the default layout. You can choose between a one column, a two column or a three column layout and you can add an optional header and footer. The Contao CSS framework will automatically divide your page into the selected "layout sections".<br />
]]></source>
									<translation><![CDATA[<span style="text-decoration: underline">5. Donna Evans</span><br />
<br />
She is a Violin student and she attends Mrs. Lewis' class. On the protected page <em>My account</em> you can change Donna Evans' personal data using a front end module called "Personal data". Note that there are back end modules as well as front end modules and that both provide different functionality.<br />
<br />
Now, here is the general rule how to set up pages in Contao. Each page has a page layout and each page layout includes one or more front end modules and style sheets. Thus, you should create pages in the following order:<br />
<br />
a. Create all necessary front end modules<br />
b. Create all necessary style sheets<br />
c. Create a page layout and include your front end modules and your style sheets<br />
d. Create the page and include the layout<br />
<br />
Open the page layouts module and take a look at the default layout. You can choose between a one column, a two column or a three column layout and you can add an optional header and footer. The Contao CSS framework will automatically divide your page into the selected "layout sections".<br />
]]></translation>
								</field>
							</data>
						</content>
						<content type="tl_content" id="25" ctype="text">
							<data>
								<field name="alt">
									<source><![CDATA[Front end modules]]></source>
									<translation><![CDATA[Front end modules]]></translation>
								</field>
								<field name="headline" array="1">
									<arrayelement key="unit" empty="" value="h1"/>
									<arrayelement key="value" empty="1"/>
								</field>
								<field name="text">
									<source><![CDATA[Once you have choosen the basic page layout, you can add front end modules to your layout sections. Front end modules will be shown one below the other, so you can change the order within each column here.<br />
<br />
Below is a screenshot of the modules included in the default layout.
]]></source>
									<translation><![CDATA[Once you have choosen the basic page layout, you can add front end modules to your layout sections. Front end modules will be shown one below the other, so you can change the order within each column here.<br />
<br />
Below is a screenshot of the modules included in the default layout.
]]></translation>
								</field>
							</data>
						</content>
					</contentelements>
				</article>
			</articles>
		</page>
		<page type="tl_page" id="8" title="News" pageTitle="News and updates" link="http://www.men-at-work.de/8">
			<data>
				<field name="pageTitle">
					<source><![CDATA[News and updates]]></source>
					<translation><![CDATA[News and updates]]></translation>
				</field>
				<field name="title">
					<source><![CDATA[News]]></source>
					<translation><![CDATA[News]]></translation>
				</field>
			</data>
			<articles>
				<article type="tl_article" id="9" title="News" inColumn="main">
					<contentelements>
						<content type="tl_content" id="33" ctype="text">
							<data>
								<field name="headline" array="1">
									<arrayelement key="unit" empty="" value="h1"/>
									<arrayelement key="value" empty="">
										<source><![CDATA[Protected news]]></source>
										<translation><![CDATA[Protected news]]></translation>
									</arrayelement>
								</field>
								<field name="text">
									<source><![CDATA[<p>If you are viewing the front end without being logged in to the back end, you will see that "James Wilson returns" is the most recent news item. However, if you log in to the front end as Donna Evans or John Smith, another news item will appear that has not been visible before. Try their accounts and find out who is going to perform live at Music Academy in February 2010 :-)<br />
<br />
Since version 2.5, Contao allows to protect news archives and show their items to a particular front end user group only. Take a look at the back end to find out how protected new archives are set up.</p>]]></source>
									<translation><![CDATA[<p>If you are viewing the front end without being logged in to the back end, you will see that "James Wilson returns" is the most recent news item. However, if you log in to the front end as Donna Evans or John Smith, another news item will appear that has not been visible before. Try their accounts and find out who is going to perform live at Music Academy in February 2010 :-)<br />
<br />
Since version 2.5, Contao allows to protect news archives and show their items to a particular front end user group only. Take a look at the back end to find out how protected new archives are set up.</p>]]></translation>
								</field>
							</data>
						</content>
					</contentelements>
				</article>
			</articles>
		</page>
		<page type="tl_page" id="21" title="Calendar" pageTitle="Events and schedules" link="http://www.men-at-work.de/21">
			<data>
				<field name="pageTitle">
					<source><![CDATA[Events and schedules]]></source>
					<translation><![CDATA[Events and schedules]]></translation>
				</field>
				<field name="title">
					<source><![CDATA[Calendar]]></source>
					<translation><![CDATA[Calendar]]></translation>
				</field>
			</data>
			<articles>
				<article type="tl_article" id="19" title="Calendar" inColumn="main">
					<contentelements>
						<content type="tl_content" id="52" ctype="text">
							<data>
								<field name="headline" array="1">
									<arrayelement key="unit" empty="" value="h1"/>
									<arrayelement key="value" empty="">
										<source><![CDATA[Calendar]]></source>
										<translation><![CDATA[Calendar]]></translation>
									</arrayelement>
								</field>
								<field name="text">
									<source><![CDATA[<p>Here is a quick example of how to use the calendar module. You can either use a calendar to display events or an event list together with the mini-calendar. The following example uses a calendar to show events.<br> <br> <a title="January 2010" href="{{link_url::21}}?day=20100101">Click here to go to January 2010 (contains example data)</a></p>]]></source>
									<translation><![CDATA[<p>Here is a quick example of how to use the calendar module. You can either use a calendar to display events or an event list together with the mini-calendar. The following example uses a calendar to show events.<br> <br> <a title="January 2010" href="{{link_url::21}}?day=20100101">Click here to go to January 2010 (contains example data)</a></p>]]></translation>
								</field>
							</data>
						</content>
						<content type="tl_content" id="55" ctype="text">
							<data>
								<field name="headline" array="1">
									<arrayelement key="unit" empty="" value="h1"/>
									<arrayelement key="value" empty="">
										<source><![CDATA[List all events]]></source>
										<translation><![CDATA[List all events]]></translation>
									</arrayelement>
								</field>
								<field name="text">
									<source><![CDATA[<p>Here is an example of how to use the event list together with the mini-calendar. You can either list all events of a day, a week or a year or you can list upcoming events only. Again, log in as Donna Evans or John Smith to see protected events (protected events have been added to Contao version 2.5).<br />
<br />
<a title="List all events" href="{{link_url::23}}?month=201001">Click here to open the event list example</a></p>]]></source>
									<translation><![CDATA[<p>Here is an example of how to use the event list together with the mini-calendar. You can either list all events of a day, a week or a year or you can list upcoming events only. Again, log in as Donna Evans or John Smith to see protected events (protected events have been added to Contao version 2.5).<br />
<br />
<a title="List all events" href="{{link_url::23}}?month=201001">Click here to open the event list example</a></p>]]></translation>
								</field>
							</data>
						</content>
					</contentelements>
				</article>
			</articles>
		</page>
		<page type="tl_page" id="23" title="Events" pageTitle="Events and schedules" link="http://www.men-at-work.de/23">
			<data>
				<field name="pageTitle">
					<source><![CDATA[Events and schedules]]></source>
					<translation><![CDATA[Events and schedules]]></translation>
				</field>
				<field name="title">
					<source><![CDATA[Events]]></source>
					<translation><![CDATA[Events]]></translation>
				</field>
			</data>
			<articles/>
		</page>
		<page type="tl_page" id="9" title="Impressions" pageTitle="Campus impressions" link="http://www.men-at-work.de/9">
			<data>
				<field name="pageTitle">
					<source><![CDATA[Campus impressions]]></source>
					<translation><![CDATA[Campus impressions]]></translation>
				</field>
				<field name="title">
					<source><![CDATA[Impressions]]></source>
					<translation><![CDATA[Impressions]]></translation>
				</field>
			</data>
			<articles>
				<article type="tl_article" id="5" title="Impressions" inColumn="main">
					<contentelements>
						<content type="tl_content" id="6" ctype="text">
							<data>
								<field name="headline" array="1">
									<arrayelement key="unit" empty="" value="h1"/>
									<arrayelement key="value" empty="">
										<source><![CDATA[Impressions]]></source>
										<translation><![CDATA[Impressions]]></translation>
									</arrayelement>
								</field>
								<field name="text">
									<source><![CDATA[Here are a few impressions of the campus. This example uses a MooTools based image gallery called "mediabox" to show images in full size. Since version 2.5, you can split the gallery into multiple pages so it takes less time to load.]]></source>
									<translation><![CDATA[Here are a few impressions of the campus. This example uses a MooTools based image gallery called "mediabox" to show images in full size. Since version 2.5, you can split the gallery into multiple pages so it takes less time to load.]]></translation>
								</field>
							</data>
						</content>
						<content type="tl_content" id="7" ctype="gallery">
							<data>
								<field name="headline" array="1">
									<arrayelement key="unit" empty="" value="h1"/>
									<arrayelement key="value" empty="1"/>
								</field>
							</data>
						</content>
						<content type="tl_content" id="8" ctype="text">
							<data>
								<field name="headline" array="1">
									<arrayelement key="unit" empty="" value="h1"/>
									<arrayelement key="value" empty="1"/>
								</field>
								<field name="text">
									<source><![CDATA[Contao automatically generates image thumbnails using the gdlib
extension. You can either resize an image by entering width or height,
or you can crop an image by entering both values.
]]></source>
									<translation><![CDATA[Contao automatically generates image thumbnails using the gdlib
extension. You can either resize an image by entering width or height,
or you can crop an image by entering both values.
]]></translation>
								</field>
							</data>
						</content>
					</contentelements>
				</article>
			</articles>
		</page>
		<page type="tl_page" id="24" title="Teachers" pageTitle="Our teachers" link="http://www.men-at-work.de/24">
			<data>
				<field name="pageTitle">
					<source><![CDATA[Our teachers]]></source>
					<translation><![CDATA[Our teachers]]></translation>
				</field>
				<field name="title">
					<source><![CDATA[Teachers]]></source>
					<translation><![CDATA[Teachers]]></translation>
				</field>
			</data>
			<articles>
				<article type="tl_article" id="20" title="Teachers" inColumn="main">
					<contentelements>
						<content type="tl_content" id="56" ctype="text">
							<data>
								<field name="headline" array="1">
									<arrayelement key="unit" empty="" value="h1"/>
									<arrayelement key="value" empty="">
										<source><![CDATA[Teachers]]></source>
										<translation><![CDATA[Teachers]]></translation>
									</arrayelement>
								</field>
								<field name="text">
									<source><![CDATA[Here is another new feature in version 2.5 - article teasers. You can add a teaser text to each article and make Contao display it automatically if there are multiple articles on a page. Or you can use the new content element "Article teaser" to display the teaser text of a particular article followed by a "read more..." link.
]]></source>
									<translation><![CDATA[Here is another new feature in version 2.5 - article teasers. You can add a teaser text to each article and make Contao display it automatically if there are multiple articles on a page. Or you can use the new content element "Article teaser" to display the teaser text of a particular article followed by a "read more..." link.
]]></translation>
								</field>
							</data>
						</content>
					</contentelements>
				</article>
				<article type="tl_article" id="22" title="Helen Lewis" inColumn="main">
					<contentelements>
						<content type="tl_content" id="66" ctype="text">
							<data>
								<field name="headline" array="1">
									<arrayelement key="unit" empty="" value="h1"/>
									<arrayelement key="value" empty="">
										<source><![CDATA[Helen Lewis]]></source>
										<translation><![CDATA[Helen Lewis]]></translation>
									</arrayelement>
								</field>
								<field name="text">
									<source><![CDATA[This is the full article about Helen Lewis. You could add her curriculum vitae or write something about her teaching skills. Since this is only an example, I rather point out something else: you might have noticed that the article has its own URL built from the page alias and the article alias (new in version 2.5). You can use this unique URL as a "permanent link" to directly link to a particular article.<br />
]]></source>
									<translation><![CDATA[This is the full article about Helen Lewis. You could add her curriculum vitae or write something about her teaching skills. Since this is only an example, I rather point out something else: you might have noticed that the article has its own URL built from the page alias and the article alias (new in version 2.5). You can use this unique URL as a "permanent link" to directly link to a particular article.<br />
]]></translation>
								</field>
							</data>
						</content>
					</contentelements>
				</article>
				<article type="tl_article" id="25" title="James Wilson" inColumn="main">
					<contentelements>
						<content type="tl_content" id="67" ctype="text">
							<data>
								<field name="alt">
									<source><![CDATA[James Wilson]]></source>
									<translation><![CDATA[James Wilson]]></translation>
								</field>
								<field name="headline" array="1">
									<arrayelement key="unit" empty="" value="h1"/>
									<arrayelement key="value" empty="">
										<source><![CDATA[James Wilson]]></source>
										<translation><![CDATA[James Wilson]]></translation>
									</arrayelement>
								</field>
								<field name="text">
									<source><![CDATA[This is the full article about James Wilson. James Wilson and the stage have been lifelong partners. The jazz pianist and 
youngest son of a preacher began playing in his father's church as a 
preschooler, took his first solo at the age of six, and has been a lead 
performer ever since. 
]]></source>
									<translation><![CDATA[This is the full article about James Wilson. James Wilson and the stage have been lifelong partners. The jazz pianist and 
youngest son of a preacher began playing in his father's church as a 
preschooler, took his first solo at the age of six, and has been a lead 
performer ever since. 
]]></translation>
								</field>
							</data>
						</content>
					</contentelements>
				</article>
			</articles>
		</page>
		<page type="tl_page" id="4" title="Courses" pageTitle="Courses overview" link="http://www.men-at-work.de/4">
			<data>
				<field name="pageTitle">
					<source><![CDATA[Courses overview]]></source>
					<translation><![CDATA[Courses overview]]></translation>
				</field>
				<field name="title">
					<source><![CDATA[Courses]]></source>
					<translation><![CDATA[Courses]]></translation>
				</field>
			</data>
			<articles>
				<article type="tl_article" id="10" title="Courses" inColumn="main">
					<contentelements>
						<content type="tl_content" id="12" ctype="text">
							<data>
								<field name="headline" array="1">
									<arrayelement key="unit" empty="" value="h1"/>
									<arrayelement key="value" empty="">
										<source><![CDATA[Courses]]></source>
										<translation><![CDATA[Courses]]></translation>
									</arrayelement>
								</field>
								<field name="text">
									<source><![CDATA[Here is a quick overview of some courses.
]]></source>
									<translation><![CDATA[Here is a quick overview of some courses.
]]></translation>
								</field>
							</data>
						</content>
						<content type="tl_content" id="13" ctype="table">
							<data>
								<field name="headline" array="1">
									<arrayelement key="unit" empty="" value="h1"/>
									<arrayelement key="value" empty="1"/>
								</field>
								<field name="summary">
									<source><![CDATA[Courses]]></source>
									<translation><![CDATA[Courses]]></translation>
								</field>
								<field name="tableitems" array="1">
									<arrayelement key="0" empty="" array="1">
										<arrayelement key="0" empty="">
											<source><![CDATA[Course]]></source>
											<translation><![CDATA[Course]]></translation>
										</arrayelement>
										<arrayelement key="1" empty="">
											<source><![CDATA[Students]]></source>
											<translation><![CDATA[Students]]></translation>
										</arrayelement>
										<arrayelement key="2" empty="">
											<source><![CDATA[Begin]]></source>
											<translation><![CDATA[Begin]]></translation>
										</arrayelement>
										<arrayelement key="3" empty="">
											<source><![CDATA[Tuition fee]]></source>
											<translation><![CDATA[Tuition fee]]></translation>
										</arrayelement>
									</arrayelement>
									<arrayelement key="1" empty="" array="1">
										<arrayelement key="0" empty="">
											<source><![CDATA[Violin Master Class]]></source>
											<translation><![CDATA[Violin Master Class]]></translation>
										</arrayelement>
										<arrayelement key="1" empty="">
											<source><![CDATA[10]]></source>
											<translation><![CDATA[10]]></translation>
										</arrayelement>
										<arrayelement key="2" empty="">
											<source><![CDATA[2010-03-02]]></source>
											<translation><![CDATA[2010-03-02]]></translation>
										</arrayelement>
										<arrayelement key="3" empty="">
											<source><![CDATA[$360]]></source>
											<translation><![CDATA[$360]]></translation>
										</arrayelement>
									</arrayelement>
									<arrayelement key="2" empty="" array="1">
										<arrayelement key="0" empty="">
											<source><![CDATA[Elements of Jazz Piano]]></source>
											<translation><![CDATA[Elements of Jazz Piano]]></translation>
										</arrayelement>
										<arrayelement key="1" empty="">
											<source><![CDATA[12]]></source>
											<translation><![CDATA[12]]></translation>
										</arrayelement>
										<arrayelement key="2" empty="">
											<source><![CDATA[2010-03-04]]></source>
											<translation><![CDATA[2010-03-04]]></translation>
										</arrayelement>
										<arrayelement key="3" empty="">
											<source><![CDATA[$450]]></source>
											<translation><![CDATA[$450]]></translation>
										</arrayelement>
									</arrayelement>
									<arrayelement key="3" empty="" array="1">
										<arrayelement key="0" empty="">
											<source><![CDATA[Rock Guitar Basics]]></source>
											<translation><![CDATA[Rock Guitar Basics]]></translation>
										</arrayelement>
										<arrayelement key="1" empty="">
											<source><![CDATA[8]]></source>
											<translation><![CDATA[8]]></translation>
										</arrayelement>
										<arrayelement key="2" empty="">
											<source><![CDATA[2010-03-11]]></source>
											<translation><![CDATA[2010-03-11]]></translation>
										</arrayelement>
										<arrayelement key="3" empty="">
											<source><![CDATA[$300]]></source>
											<translation><![CDATA[$300]]></translation>
										</arrayelement>
									</arrayelement>
									<arrayelement key="4" empty="" array="1">
										<arrayelement key="0" empty="">
											<source><![CDATA[Rock Guitar Secrets]]></source>
											<translation><![CDATA[Rock Guitar Secrets]]></translation>
										</arrayelement>
										<arrayelement key="1" empty="">
											<source><![CDATA[8]]></source>
											<translation><![CDATA[8]]></translation>
										</arrayelement>
										<arrayelement key="2" empty="">
											<source><![CDATA[2010-03-12]]></source>
											<translation><![CDATA[2010-03-12]]></translation>
										</arrayelement>
										<arrayelement key="3" empty="">
											<source><![CDATA[$380]]></source>
											<translation><![CDATA[$380]]></translation>
										</arrayelement>
									</arrayelement>
									<arrayelement key="5" empty="" array="1">
										<arrayelement key="0" empty="">
											<source><![CDATA[Modern Drum Grooves]]></source>
											<translation><![CDATA[Modern Drum Grooves]]></translation>
										</arrayelement>
										<arrayelement key="1" empty="">
											<source><![CDATA[16]]></source>
											<translation><![CDATA[16]]></translation>
										</arrayelement>
										<arrayelement key="2" empty="">
											<source><![CDATA[2010-04-02]]></source>
											<translation><![CDATA[2010-04-02]]></translation>
										</arrayelement>
										<arrayelement key="3" empty="">
											<source><![CDATA[$340]]></source>
											<translation><![CDATA[$340]]></translation>
										</arrayelement>
									</arrayelement>
									<arrayelement key="6" empty="" array="1">
										<arrayelement key="0" empty="">
											<source><![CDATA[Contemporary Bass Styles]]></source>
											<translation><![CDATA[Contemporary Bass Styles]]></translation>
										</arrayelement>
										<arrayelement key="1" empty="">
											<source><![CDATA[14]]></source>
											<translation><![CDATA[14]]></translation>
										</arrayelement>
										<arrayelement key="2" empty="">
											<source><![CDATA[2010-04-06]]></source>
											<translation><![CDATA[2010-04-06]]></translation>
										</arrayelement>
										<arrayelement key="3" empty="">
											<source><![CDATA[$320]]></source>
											<translation><![CDATA[$320]]></translation>
										</arrayelement>
									</arrayelement>
								</field>
							</data>
						</content>
						<content type="tl_content" id="14" ctype="text">
							<data>
								<field name="headline" array="1">
									<arrayelement key="unit" empty="" value="h1"/>
									<arrayelement key="value" empty="1"/>
								</field>
								<field name="text">
									<source><![CDATA[By default, the table is sorted by date (<em>Begin</em>). By clicking one of the column headers, you can resort it (JavaScript required). Of course, the table has been styled with CSS. Do not forget to provide a small summary of the table's content in order to make it accessible.<br />
<br />
If you log in to the front end as Donna Evans or John Smith, you should see the protected page of the class you are attending as a subpage of this page.<br />
]]></source>
									<translation><![CDATA[By default, the table is sorted by date (<em>Begin</em>). By clicking one of the column headers, you can resort it (JavaScript required). Of course, the table has been styled with CSS. Do not forget to provide a small summary of the table's content in order to make it accessible.<br />
<br />
If you log in to the front end as Donna Evans or John Smith, you should see the protected page of the class you are attending as a subpage of this page.<br />
]]></translation>
								</field>
							</data>
						</content>
					</contentelements>
				</article>
			</articles>
		</page>
		<page type="tl_page" id="6" title="Violin Master Class" pageTitle="" link="http://www.men-at-work.de/6">
			<data>
				<field name="title">
					<source><![CDATA[Violin Master Class]]></source>
					<translation><![CDATA[Violin Master Class]]></translation>
				</field>
			</data>
			<articles>
				<article type="tl_article" id="16" title="Violin Master Class" inColumn="main">
					<contentelements>
						<content type="tl_content" id="22" ctype="text">
							<data>
								<field name="headline" array="1">
									<arrayelement key="unit" empty="" value="h1"/>
									<arrayelement key="value" empty="">
										<source><![CDATA[Violin Master Class]]></source>
										<translation><![CDATA[Violin Master Class]]></translation>
									</arrayelement>
								</field>
								<field name="text">
									<source><![CDATA[Once a user has logged in to the back end, he will be able to view all front end pages and articles even if they are protected or not yet published. Therefor, if you are reading this you should either be logged in to the back end or you should be logged in to the front end as Donna Evans.<br />
<br />
If you are not logged in at all (not even in another browser window) and you are still able to access this page, please go to <a href="https://contao.org" onclick="window.open(this.href); return false;">https://contao.org</a> and let me know ;-)
]]></source>
									<translation><![CDATA[Once a user has logged in to the back end, he will be able to view all front end pages and articles even if they are protected or not yet published. Therefor, if you are reading this you should either be logged in to the back end or you should be logged in to the front end as Donna Evans.<br />
<br />
If you are not logged in at all (not even in another browser window) and you are still able to access this page, please go to <a href="https://contao.org" onclick="window.open(this.href); return false;">https://contao.org</a> and let me know ;-)
]]></translation>
								</field>
							</data>
						</content>
					</contentelements>
				</article>
			</articles>
		</page>
		<page type="tl_page" id="7" title="Elements of Jazz Piano" pageTitle="" link="http://www.men-at-work.de/7">
			<data>
				<field name="title">
					<source><![CDATA[Elements of Jazz Piano]]></source>
					<translation><![CDATA[Elements of Jazz Piano]]></translation>
				</field>
			</data>
			<articles>
				<article type="tl_article" id="4" title="Elements of Jazz Piano" inColumn="main">
					<contentelements>
						<content type="tl_content" id="5" ctype="text">
							<data>
								<field name="headline" array="1">
									<arrayelement key="unit" empty="" value="h1"/>
									<arrayelement key="value" empty="">
										<source><![CDATA[Elements of Jazz Piano]]></source>
										<translation><![CDATA[Elements of Jazz Piano]]></translation>
									</arrayelement>
								</field>
								<field name="text">
									<source><![CDATA[Once a user has logged in to the back end, he will be able to view all
front end pages and articles even if they are protected or not yet published. Therefor, if you are reading this you should either be logged in
to the back end or you should be logged in to the front end as John Smith.<br />
<br />
If you are not logged in at all (not even in another browser window) and you are still able to access this page, please go to <a href="https://contao.org" onclick="window.open(this.href); return false;">https://contao.org</a> and let me know ;-)
]]></source>
									<translation><![CDATA[Once a user has logged in to the back end, he will be able to view all
front end pages and articles even if they are protected or not yet published. Therefor, if you are reading this you should either be logged in
to the back end or you should be logged in to the front end as John Smith.<br />
<br />
If you are not logged in at all (not even in another browser window) and you are still able to access this page, please go to <a href="https://contao.org" onclick="window.open(this.href); return false;">https://contao.org</a> and let me know ;-)
]]></translation>
								</field>
							</data>
						</content>
					</contentelements>
				</article>
			</articles>
		</page>
		<page type="tl_page" id="5" title="Services" pageTitle="Services and support" link="http://www.men-at-work.de/5">
			<data>
				<field name="pageTitle">
					<source><![CDATA[Services and support]]></source>
					<translation><![CDATA[Services and support]]></translation>
				</field>
				<field name="title">
					<source><![CDATA[Services]]></source>
					<translation><![CDATA[Services]]></translation>
				</field>
			</data>
			<articles>
				<article type="tl_article" id="6" title="Services" inColumn="main">
					<contentelements>
						<content type="tl_content" id="20" ctype="text">
							<data>
								<field name="headline" array="1">
									<arrayelement key="unit" empty="" value="h1"/>
									<arrayelement key="value" empty="">
										<source><![CDATA[Services]]></source>
										<translation><![CDATA[Services]]></translation>
									</arrayelement>
								</field>
								<field name="text">
									<source><![CDATA[Welcome to the Music Academy service desk! Here you can hand in your term paper by filling in the form below. The form has been created with the Contao form generator which you can find in the back end. The form generator automatially validates the user input and checks that all mandatory fields are filled in.
]]></source>
									<translation><![CDATA[Welcome to the Music Academy service desk! Here you can hand in your term paper by filling in the form below. The form has been created with the Contao form generator which you can find in the back end. The form generator automatially validates the user input and checks that all mandatory fields are filled in.
]]></translation>
								</field>
							</data>
						</content>
						<content type="tl_content" id="9" ctype="form">
							<data>
								<field name="headline" array="1">
									<arrayelement key="unit" empty="" value="h1"/>
									<arrayelement key="value" empty="1"/>
								</field>
							</data>
						</content>
					</contentelements>
				</article>
			</articles>
		</page>
		<page type="tl_page" id="14" title="Search" pageTitle="Search this website" link="http://www.men-at-work.de/14">
			<data>
				<field name="pageTitle">
					<source><![CDATA[Search this website]]></source>
					<translation><![CDATA[Search this website]]></translation>
				</field>
				<field name="title">
					<source><![CDATA[Search]]></source>
					<translation><![CDATA[Search]]></translation>
				</field>
			</data>
			<articles>
				<article type="tl_article" id="2" title="Search" inColumn="main">
					<contentelements>
						<content type="tl_content" id="2" ctype="text">
							<data>
								<field name="headline" array="1">
									<arrayelement key="unit" empty="" value="h1"/>
									<arrayelement key="value" empty="">
										<source><![CDATA[Search guidelines]]></source>
										<translation><![CDATA[Search guidelines]]></translation>
									</arrayelement>
								</field>
								<field name="text">
									<source><![CDATA[<u>1. Keyword search</u><br />
<br />
This might be the default way to use a search engine. Simply enter one or more keywords and the search engine will return all pages that contain either all keywords (AND query) or at least one keyword (OR query). You can predefine the query type in the module configuration or you can change it dynamically by adding a checkbox named "query_type" to the search form.<br />
<br />
<u>2. Wildcard search</u><br />
<br />
By default, the search engine searches for exact keywords only. This means that a search for <em>music</em> will not return pages containing the words <em>musical</em> or <em>musician</em>. However, if you want to search for all words that begin with music, you can add an asterisk (*) after the keyword (<em>music*</em> instead of <em>music</em>). Of course, you can also put the wildcard in front of a keyword or in the middle of a keyword.<br />
<br />
<u>3. Phrase search</u><br />
<br />
Sometimes you only need results that include an exact phrase. E.g. searching for <em>music academy</em> would also return the page of a sports academy announcing an event with music and buffet. To narrow your results, simply put quotation marks around your search term (<em>"music academy"</em> instead of <em>music academy</em>) and the search engine will only return pages that contain the exact phrase.<br />
<br />
<u>4. Forcing a keyword</u><br />
<br />
This feature is particularly useful when you are searching for multiple keyword (OR query) but still want ensure that a page contains a certain keyword. To force a keyword, put a plus (+) in front of it (without space). E.g. if you want to know about college fees or university fees, you are basically looking for pages that contain either the word <em>college</em> or <em>university</em> and the word <em>fees</em>. Therefor your search term should be <em>school college +fees</em>.<br />
<br />
<u>5. Excluding a keyword</u><br />
<br />
To exclude a keyword, put a minus (-) in front of it. Thus, pages containing this keyword will not be returned. E.g. if you want to learn everything about Music Academy that has nothing to do with its campus or its courses, you should search for <em>"music academy" -campus -courses</em>.
]]></source>
									<translation><![CDATA[<u>1. Keyword search</u><br />
<br />
This might be the default way to use a search engine. Simply enter one or more keywords and the search engine will return all pages that contain either all keywords (AND query) or at least one keyword (OR query). You can predefine the query type in the module configuration or you can change it dynamically by adding a checkbox named "query_type" to the search form.<br />
<br />
<u>2. Wildcard search</u><br />
<br />
By default, the search engine searches for exact keywords only. This means that a search for <em>music</em> will not return pages containing the words <em>musical</em> or <em>musician</em>. However, if you want to search for all words that begin with music, you can add an asterisk (*) after the keyword (<em>music*</em> instead of <em>music</em>). Of course, you can also put the wildcard in front of a keyword or in the middle of a keyword.<br />
<br />
<u>3. Phrase search</u><br />
<br />
Sometimes you only need results that include an exact phrase. E.g. searching for <em>music academy</em> would also return the page of a sports academy announcing an event with music and buffet. To narrow your results, simply put quotation marks around your search term (<em>"music academy"</em> instead of <em>music academy</em>) and the search engine will only return pages that contain the exact phrase.<br />
<br />
<u>4. Forcing a keyword</u><br />
<br />
This feature is particularly useful when you are searching for multiple keyword (OR query) but still want ensure that a page contains a certain keyword. To force a keyword, put a plus (+) in front of it (without space). E.g. if you want to know about college fees or university fees, you are basically looking for pages that contain either the word <em>college</em> or <em>university</em> and the word <em>fees</em>. Therefor your search term should be <em>school college +fees</em>.<br />
<br />
<u>5. Excluding a keyword</u><br />
<br />
To exclude a keyword, put a minus (-) in front of it. Thus, pages containing this keyword will not be returned. E.g. if you want to learn everything about Music Academy that has nothing to do with its campus or its courses, you should search for <em>"music academy" -campus -courses</em>.
]]></translation>
								</field>
							</data>
						</content>
					</contentelements>
				</article>
			</articles>
		</page>
		<page type="tl_page" id="26" title="Navigation" pageTitle="New navigation features" link="http://www.men-at-work.de/26">
			<data>
				<field name="pageTitle">
					<source><![CDATA[New navigation features]]></source>
					<translation><![CDATA[New navigation features]]></translation>
				</field>
				<field name="title">
					<source><![CDATA[Navigation]]></source>
					<translation><![CDATA[Navigation]]></translation>
				</field>
			</data>
			<articles>
				<article type="tl_article" id="26" title="Navigation" inColumn="main">
					<contentelements>
						<content type="tl_content" id="68" ctype="text">
							<data>
								<field name="headline" array="1">
									<arrayelement key="unit" empty="" value="h1"/>
									<arrayelement key="value" empty="">
										<source><![CDATA[Navigation menus]]></source>
										<translation><![CDATA[Navigation menus]]></translation>
									</arrayelement>
								</field>
								<field name="text">
									<source><![CDATA[Another brand new and very powerful feature in version 2.5 is the improved navigation menu. You can now define a start level and a stop level and thus create any kind of navigation you want. In fact, you do not even need the "navigation main menu items" and "navigation submenu items" modules any more.
]]></source>
									<translation><![CDATA[Another brand new and very powerful feature in version 2.5 is the improved navigation menu. You can now define a start level and a stop level and thus create any kind of navigation you want. In fact, you do not even need the "navigation main menu items" and "navigation submenu items" modules any more.
]]></translation>
								</field>
							</data>
						</content>
						<content type="tl_content" id="69" ctype="text">
							<data>
								<field name="headline" array="1">
									<arrayelement key="unit" empty="" value="h1"/>
									<arrayelement key="value" empty="">
										<source><![CDATA[Example site structure]]></source>
										<translation><![CDATA[Example site structure]]></translation>
									</arrayelement>
								</field>
								<field name="text">
									<source><![CDATA[<ul>
	<li>Home</li>
	<li>Music
	<ul>
		<li>Genres
		<ul>
			<li>Rock</li>
			<li>Pop</li>
		</ul>
		</li>
		<li>Artists
		<ul>
			<li>Mrs. X</li>
			<li>Mrs. Y</li>
		</ul>
		</li>
	</ul>
	</li>
	<li>Movies
	<ul>
		<li>Genres
		<ul>
			<li>Action</li>
			<li>Fantasy</li>
		</ul>
		</li>
		<li>Actors
		<ul>
			<li>Mr. X</li>
			<li>Mr. Y</li>
		</ul>
		</li>
	</ul>
	</li>
	<li>Contact</li>
</ul>
]]></source>
									<translation><![CDATA[<ul>
	<li>Home</li>
	<li>Music
	<ul>
		<li>Genres
		<ul>
			<li>Rock</li>
			<li>Pop</li>
		</ul>
		</li>
		<li>Artists
		<ul>
			<li>Mrs. X</li>
			<li>Mrs. Y</li>
		</ul>
		</li>
	</ul>
	</li>
	<li>Movies
	<ul>
		<li>Genres
		<ul>
			<li>Action</li>
			<li>Fantasy</li>
		</ul>
		</li>
		<li>Actors
		<ul>
			<li>Mr. X</li>
			<li>Mr. Y</li>
		</ul>
		</li>
	</ul>
	</li>
	<li>Contact</li>
</ul>
]]></translation>
								</field>
							</data>
						</content>
						<content type="tl_content" id="70" ctype="text">
							<data>
								<field name="headline" array="1">
									<arrayelement key="unit" empty="" value="h1"/>
									<arrayelement key="value" empty="">
										<source><![CDATA[Default navigation menu]]></source>
										<translation><![CDATA[Default navigation menu]]></translation>
									</arrayelement>
								</field>
								<field name="text">
									<source><![CDATA[By default, the navigation menu simply displays the whole site structure.
]]></source>
									<translation><![CDATA[By default, the navigation menu simply displays the whole site structure.
]]></translation>
								</field>
							</data>
						</content>
						<content type="tl_content" id="71" ctype="text">
							<data>
								<field name="headline" array="1">
									<arrayelement key="unit" empty="" value="h1"/>
									<arrayelement key="value" empty="">
										<source><![CDATA[Stop level 1]]></source>
										<translation><![CDATA[Stop level 1]]></translation>
									</arrayelement>
								</field>
								<field name="text">
									<source><![CDATA[If you set the stop level to 1, the navigation menu will only display the first level and all active pages. Here is what the navigation menu looks like when you are viewing page Music -&gt; Genres -&gt; Pop.<br />
<br />
<ul>
	<li>Home</li>
	<li>Music
	<ul>
		<li>Genres
		<ul>
			<li>Pop</li>
			<li>Rock</li>
		</ul>
		</li>
	</ul>
	</li>
	<li>Movies</li>
	<li>Contact<br />
	</li>
</ul>
]]></source>
									<translation><![CDATA[If you set the stop level to 1, the navigation menu will only display the first level and all active pages. Here is what the navigation menu looks like when you are viewing page Music -&gt; Genres -&gt; Pop.<br />
<br />
<ul>
	<li>Home</li>
	<li>Music
	<ul>
		<li>Genres
		<ul>
			<li>Pop</li>
			<li>Rock</li>
		</ul>
		</li>
	</ul>
	</li>
	<li>Movies</li>
	<li>Contact<br />
	</li>
</ul>
]]></translation>
								</field>
							</data>
						</content>
						<content type="tl_content" id="72" ctype="text">
							<data>
								<field name="headline" array="1">
									<arrayelement key="unit" empty="" value="h1"/>
									<arrayelement key="value" empty="">
										<source><![CDATA[Stop level 1 with hard limit]]></source>
										<translation><![CDATA[Stop level 1 with hard limit]]></translation>
									</arrayelement>
								</field>
								<field name="text">
									<source><![CDATA[If you set the stop level to 1, the navigation menu almost displays what the "navigation main menu items" module does - except for the active pages always being shown even beyond the stop level. Now, if you choose the new option "hard limit", the navigation menu never shows any page beyond the stop level. The ouput is exacly the same as with the "navigation main menu items" module. However, you are not limited to the first level anymore!<br />
<br />
<ul>
	<li>Home</li>
	<li>Music</li>
	<li>Movies</li>
	<li>Contact</li>
</ul>
]]></source>
									<translation><![CDATA[If you set the stop level to 1, the navigation menu almost displays what the "navigation main menu items" module does - except for the active pages always being shown even beyond the stop level. Now, if you choose the new option "hard limit", the navigation menu never shows any page beyond the stop level. The ouput is exacly the same as with the "navigation main menu items" module. However, you are not limited to the first level anymore!<br />
<br />
<ul>
	<li>Home</li>
	<li>Music</li>
	<li>Movies</li>
	<li>Contact</li>
</ul>
]]></translation>
								</field>
							</data>
						</content>
						<content type="tl_content" id="73" ctype="text">
							<data>
								<field name="headline" array="1">
									<arrayelement key="unit" empty="" value="h1"/>
									<arrayelement key="value" empty="">
										<source><![CDATA[Stop level 2 with hard limit]]></source>
										<translation><![CDATA[Stop level 2 with hard limit]]></translation>
									</arrayelement>
								</field>
								<field name="text">
									<source><![CDATA[A lot of people have requested a navigation menu that allows them to show the first two levels as horizontal main navigation menu and the other levels as optional vertical submenu. You can now accomplish that.<br />
<br />
<ul>
	<li>Home</li>
	<li>Music
	<ul>
		<li>Genres</li>
		<li>Artists</li>
	</ul>
	</li>
	<li>Movies
	<ul>
		<li>Genres</li>
		<li>Actors</li>
	</ul>
	</li>
	<li>Contact</li>
</ul>
]]></source>
									<translation><![CDATA[A lot of people have requested a navigation menu that allows them to show the first two levels as horizontal main navigation menu and the other levels as optional vertical submenu. You can now accomplish that.<br />
<br />
<ul>
	<li>Home</li>
	<li>Music
	<ul>
		<li>Genres</li>
		<li>Artists</li>
	</ul>
	</li>
	<li>Movies
	<ul>
		<li>Genres</li>
		<li>Actors</li>
	</ul>
	</li>
	<li>Contact</li>
</ul>
]]></translation>
								</field>
							</data>
						</content>
						<content type="tl_content" id="74" ctype="text">
							<data>
								<field name="headline" array="1">
									<arrayelement key="unit" empty="" value="h1"/>
									<arrayelement key="value" empty="">
										<source><![CDATA[Start level 1]]></source>
										<translation><![CDATA[Start level 1]]></translation>
									</arrayelement>
								</field>
								<field name="text">
									<source><![CDATA[The "navigation submenu items" module basically renders the navigation menu from the second level, using the current main menu item as starting point. Now you can accomplish the same structure with the navigation menu by simply setting the start level to 1. Here is how the navigation menu looks like on page Music -&gt; Genres -&gt; Pop.<br />
<br />
<ul>
	<li>Genres
	<ul>
		<li>Pop</li>
		<li>Rock</li>
	</ul>
	</li>
	<li>Artists
	<ul>
		<li>Mrs. X</li>
		<li>Mrs. Y</li>
	</ul>
	</li>
</ul>
]]></source>
									<translation><![CDATA[The "navigation submenu items" module basically renders the navigation menu from the second level, using the current main menu item as starting point. Now you can accomplish the same structure with the navigation menu by simply setting the start level to 1. Here is how the navigation menu looks like on page Music -&gt; Genres -&gt; Pop.<br />
<br />
<ul>
	<li>Genres
	<ul>
		<li>Pop</li>
		<li>Rock</li>
	</ul>
	</li>
	<li>Artists
	<ul>
		<li>Mrs. X</li>
		<li>Mrs. Y</li>
	</ul>
	</li>
</ul>
]]></translation>
								</field>
							</data>
						</content>
						<content type="tl_content" id="75" ctype="text">
							<data>
								<field name="headline" array="1">
									<arrayelement key="unit" empty="" value="h1"/>
									<arrayelement key="value" empty="">
										<source><![CDATA[Start level 2]]></source>
										<translation><![CDATA[Start level 2]]></translation>
									</arrayelement>
								</field>
								<field name="text">
									<source><![CDATA[If your main navigation menu includes the first two levels, you want your submenu to start with an offset of two levels which is equivalent to start level 2. Here is how the navigation menu looks like on the <em>Pop</em> page.<br />
<br />
<ul>
	<li>Pop</li>
	<li>Rock</li>
</ul>
]]></source>
									<translation><![CDATA[If your main navigation menu includes the first two levels, you want your submenu to start with an offset of two levels which is equivalent to start level 2. Here is how the navigation menu looks like on the <em>Pop</em> page.<br />
<br />
<ul>
	<li>Pop</li>
	<li>Rock</li>
</ul>
]]></translation>
								</field>
							</data>
						</content>
					</contentelements>
				</article>
			</articles>
		</page>
		<page type="tl_page" id="18" title="Confirmation" pageTitle="We have revceived your term paper" link="http://www.men-at-work.de/18">
			<data>
				<field name="pageTitle">
					<source><![CDATA[We have revceived your term paper]]></source>
					<translation><![CDATA[We have revceived your term paper]]></translation>
				</field>
				<field name="title">
					<source><![CDATA[Confirmation]]></source>
					<translation><![CDATA[Confirmation]]></translation>
				</field>
			</data>
			<articles>
				<article type="tl_article" id="11" title="Confirmation" inColumn="main">
					<contentelements>
						<content type="tl_content" id="15" ctype="text">
							<data>
								<field name="headline" array="1">
									<arrayelement key="unit" empty="" value="h1"/>
									<arrayelement key="value" empty="">
										<source><![CDATA[We have received your term paper!]]></source>
										<translation><![CDATA[We have received your term paper!]]></translation>
									</arrayelement>
								</field>
								<field name="text">
									<source><![CDATA[Of course, nothing happens with the submitted data in our tutorial. However, if this was a real world website, you should do one of the following:<br />
<br />
1. Download or program a front end module that handles the form data and include it on this page.<br />
<br />
2. Edit the form header (using module "form generator") and choose to send the form data via e-mail. Enter a working e-mail address and a subject and save the form. Then go back to the front end page and submit the form again. You should now receive the form data via e-mail.<br />
<br />
{{link::back}}<br />
<br />
By the way, the "Go back" link above is not a static link (of course) but a dynamic one. It was created using an "insert tag" called <em>link::back</em>. There are a few insert tags in Contao that help you include dynamic data.<br />
<br />
<a href="https://contao.org/wiki/english:inserttags" onclick="window.open(this.href); return false;" title="Learn more about insert tags">Learn more about insert tags</a><br />
]]></source>
									<translation><![CDATA[Of course, nothing happens with the submitted data in our tutorial. However, if this was a real world website, you should do one of the following:<br />
<br />
1. Download or program a front end module that handles the form data and include it on this page.<br />
<br />
2. Edit the form header (using module "form generator") and choose to send the form data via e-mail. Enter a working e-mail address and a subject and save the form. Then go back to the front end page and submit the form again. You should now receive the form data via e-mail.<br />
<br />
{{link::back}}<br />
<br />
By the way, the "Go back" link above is not a static link (of course) but a dynamic one. It was created using an "insert tag" called <em>link::back</em>. There are a few insert tags in Contao that help you include dynamic data.<br />
<br />
<a href="https://contao.org/wiki/english:inserttags" onclick="window.open(this.href); return false;" title="Learn more about insert tags">Learn more about insert tags</a><br />
]]></translation>
								</field>
							</data>
						</content>
					</contentelements>
				</article>
			</articles>
		</page>
		<page type="tl_page" id="27" title="Login" pageTitle="Students log-in" link="http://www.men-at-work.de/27">
			<data>
				<field name="pageTitle">
					<source><![CDATA[Students log-in]]></source>
					<translation><![CDATA[Students log-in]]></translation>
				</field>
				<field name="title">
					<source><![CDATA[Login]]></source>
					<translation><![CDATA[Login]]></translation>
				</field>
			</data>
			<articles>
				<article type="tl_article" id="27" title="Login" inColumn="main">
					<contentelements>
						<content type="tl_content" id="76" ctype="text">
							<data>
								<field name="headline" array="1">
									<arrayelement key="unit" empty="" value="h1"/>
									<arrayelement key="value" empty="">
										<source><![CDATA[Login]]></source>
										<translation><![CDATA[Login]]></translation>
									</arrayelement>
								</field>
								<field name="text">
									<source><![CDATA[I am sure that you have expected a login form here, but since this is an example website (and there is a permanent login form in the left column) I am going to use it to point out another new feature instead. You might know from version 2.4 that there is an option to show a content element to guests only, meaning that the content element is not visible after you have logged in.<br />
<br />
Now (in version 2.5) you can do the same thing with pages like the login page you are currently viewing. Once you have logged in to the front end, the page will disappear from the navigation menu. This way you can hide login pages (as well as registration or lost password pages) from logged in users and show the logout page instead.<br />
]]></source>
									<translation><![CDATA[I am sure that you have expected a login form here, but since this is an example website (and there is a permanent login form in the left column) I am going to use it to point out another new feature instead. You might know from version 2.4 that there is an option to show a content element to guests only, meaning that the content element is not visible after you have logged in.<br />
<br />
Now (in version 2.5) you can do the same thing with pages like the login page you are currently viewing. Once you have logged in to the front end, the page will disappear from the navigation menu. This way you can hide login pages (as well as registration or lost password pages) from logged in users and show the logout page instead.<br />
]]></translation>
								</field>
							</data>
						</content>
					</contentelements>
				</article>
			</articles>
		</page>
		<page type="tl_page" id="20" title="Lost password" pageTitle="Request a new password" link="http://www.men-at-work.de/20">
			<data>
				<field name="pageTitle">
					<source><![CDATA[Request a new password]]></source>
					<translation><![CDATA[Request a new password]]></translation>
				</field>
				<field name="title">
					<source><![CDATA[Lost password]]></source>
					<translation><![CDATA[Lost password]]></translation>
				</field>
			</data>
			<articles>
				<article type="tl_article" id="18" title="Lost password" inColumn="main">
					<contentelements>
						<content type="tl_content" id="48" ctype="text">
							<data>
								<field name="headline" array="1">
									<arrayelement key="unit" empty="" value="h1"/>
									<arrayelement key="value" empty="">
										<source><![CDATA[Request a new password]]></source>
										<translation><![CDATA[Request a new password]]></translation>
									</arrayelement>
								</field>
								<field name="text">
									<source><![CDATA[<em>Request a new password</em> is part of the registration module and allows members to receive a new password vie e-mail. After the form has been submitted, a confirmation e-mail including an activation link is sent to the user.
]]></source>
									<translation><![CDATA[<em>Request a new password</em> is part of the registration module and allows members to receive a new password vie e-mail. After the form has been submitted, a confirmation e-mail including an activation link is sent to the user.
]]></translation>
								</field>
							</data>
						</content>
						<content type="tl_content" id="50" ctype="text">
							<data>
								<field name="headline" array="1">
									<arrayelement key="unit" empty="" value="h1"/>
									<arrayelement key="value" empty="">
										<source><![CDATA[Enter your e-mail address]]></source>
										<translation><![CDATA[Enter your e-mail address]]></translation>
									</arrayelement>
								</field>
								<field name="text">
									<source><![CDATA[Please enter your e-mail address below. A confirmation e-mail with an activation link will be sent to this address. Click this activation link to proceed.
]]></source>
									<translation><![CDATA[Please enter your e-mail address below. A confirmation e-mail with an activation link will be sent to this address. Click this activation link to proceed.
]]></translation>
								</field>
							</data>
						</content>
						<content type="tl_content" id="51" ctype="text">
							<data>
								<field name="headline" array="1">
									<arrayelement key="unit" empty="" value="h1"/>
									<arrayelement key="value" empty="1"/>
								</field>
								<field name="text">
									<source><![CDATA[<span style="color: #999999">Note that you will not be able to send any e-mails in the online demo.</span>
]]></source>
									<translation><![CDATA[<span style="color: #999999">Note that you will not be able to send any e-mails in the online demo.</span>
]]></translation>
								</field>
							</data>
						</content>
					</contentelements>
				</article>
			</articles>
		</page>
		<page type="tl_page" id="15" title="My account" pageTitle="Edit your account details" link="http://www.men-at-work.de/15">
			<data>
				<field name="pageTitle">
					<source><![CDATA[Edit your account details]]></source>
					<translation><![CDATA[Edit your account details]]></translation>
				</field>
				<field name="title">
					<source><![CDATA[My account]]></source>
					<translation><![CDATA[My account]]></translation>
				</field>
			</data>
			<articles>
				<article type="tl_article" id="12" title="My account" inColumn="main">
					<contentelements>
						<content type="tl_content" id="16" ctype="text">
							<data>
								<field name="headline" array="1">
									<arrayelement key="unit" empty="" value="h1"/>
									<arrayelement key="value" empty="">
										<source><![CDATA[Welcome {{user::firstname}} {{user::lastname}}!]]></source>
										<translation><![CDATA[Welcome {{user::firstname}} {{user::lastname}}!]]></translation>
									</arrayelement>
								</field>
								<field name="text">
									<source><![CDATA[To address a front end user by his name, we are using insert tags
again (you might have come across them submitting a term paper). Insert
tags are special tags which allow you to include dynamic data (e.g. the
current date, the current user name or the current referer). Insert
tags are replaced just before a page is printed to the screen, so they
will always show the correct information even if the page is cached.<br />
<br />
<a href="https://contao.org/wiki/english:inserttags" title="Learn more about insert tags">Learn more about insert tags</a><br />
<br />
Below this paragraph you can see the "personal data" module in action. This module allows front end users to change their personal data. Make sure to cross-check all changes in the back end.
]]></source>
									<translation><![CDATA[To address a front end user by his name, we are using insert tags
again (you might have come across them submitting a term paper). Insert
tags are special tags which allow you to include dynamic data (e.g. the
current date, the current user name or the current referer). Insert
tags are replaced just before a page is printed to the screen, so they
will always show the correct information even if the page is cached.<br />
<br />
<a href="https://contao.org/wiki/english:inserttags" title="Learn more about insert tags">Learn more about insert tags</a><br />
<br />
Below this paragraph you can see the "personal data" module in action. This module allows front end users to change their personal data. Make sure to cross-check all changes in the back end.
]]></translation>
								</field>
							</data>
						</content>
					</contentelements>
				</article>
			</articles>
		</page>
		<page type="tl_page" id="12" title="Your data has been saved" pageTitle="" link="http://www.men-at-work.de/12">
			<data>
				<field name="title">
					<source><![CDATA[Your data has been saved]]></source>
					<translation><![CDATA[Your data has been saved]]></translation>
				</field>
			</data>
			<articles>
				<article type="tl_article" id="14" title="Your data has been saved" inColumn="main">
					<contentelements>
						<content type="tl_content" id="21" ctype="text">
							<data>
								<field name="headline" array="1">
									<arrayelement key="unit" empty="" value="h1"/>
									<arrayelement key="value" empty="">
										<source><![CDATA[Your data has been saved]]></source>
										<translation><![CDATA[Your data has been saved]]></translation>
									</arrayelement>
								</field>
								<field name="text">
									<source><![CDATA[You can cross-check the changes you have made in the back end (module "members"). Select {{user::firstname}} {{user::lastname}} and take a closer look at the record.<br />
<br />
{{link::back}}
]]></source>
									<translation><![CDATA[You can cross-check the changes you have made in the back end (module "members"). Select {{user::firstname}} {{user::lastname}} and take a closer look at the record.<br />
<br />
{{link::back}}
]]></translation>
								</field>
							</data>
						</content>
					</contentelements>
				</article>
			</articles>
		</page>
		<page type="tl_page" id="11" title="Logout" pageTitle="" link="http://www.men-at-work.de/11">
			<data>
				<field name="title">
					<source><![CDATA[Logout]]></source>
					<translation><![CDATA[Logout]]></translation>
				</field>
			</data>
			<articles/>
		</page>
	</translations>
</language>
